ID,Source,Sample,Scan  #,Side,Treatment,Region,Sq,Ssk,Sku,Sp,Sv,Sz,Sa,Area size,Analyst
1,D9,D9.1.12.c,1,Dorsal,Unheated,South Africa,193.82,-0.97,3.27,372.43,598.84,971.27,152.16,45453181.68,MM
2,D9,D9.1.12.c,2,Dorsal,Unheated,South Africa,88.81,-0.02,2.68,424.54,318.89,743.43,73.91,38636773.2,MM
3,D9,D9.1.12.c,3,Dorsal,Unheated,South Africa,108.86,0.25,3.57,409.8,403.52,813.32,83.45,37930916.1,MM
4,D9,D9.1.12.c,4,Dorsal,Unheated,South Africa,95.43,-0.01,3.64,353.35,327,680.35,73.52,47914348.69,MM
5,D9,D9.1.12.c,5,Dorsal,Unheated,South Africa,78.51,0.03,3.13,323.47,364.75,688.22,61.92,43634199.72,MM
6,D9,D9.1.12.c,6,Ventral,Unheated,South Africa,287.8,-0.24,1.79,721.98,575.3,1297.28,256.48,43713897.23,MM
7,D9,D9.1.12.c,7,Ventral,Unheated,South Africa,147.84,0.86,3.45,517.01,354.97,871.98,118.94,46712377.7,MM
8,D9,D9.1.12.c,8,Ventral,Unheated,South Africa,142.38,0.44,3.47,530.82,536.03,1066.85,112.14,46448663.69,MM
9,D9,D9.1.12.c,9,Ventral,Unheated,South Africa,165.21,1.12,4.5,736.2,447.44,1183.64,127.43,42792525.3,MM
10,D9,D9.1.12.c,10,Ventral,Unheated,South Africa,120.53,0.19,2.2,334.29,264.9,599.19,101.32,23319118.46,MM
11,I14,I14.2.16a,1,Dorsal,Unheated,South Africa,180.59,0.98,4.96,684.43,436.06,1120.49,133.2,45695651.21,MM
12,I14,I14.2.16a,2,Dorsal,Unheated,South Africa,88.08,-0.16,2.65,232.09,254.19,486.28,70.64,45777036,MM
13,I14,I14.2.16a,3,Dorsal,Unheated,South Africa,121.72,0.87,3.89,414.04,291.31,705.35,93.1,45946742.49,MM
14,I14,I14.2.16a,4,Dorsal,Unheated,South Africa,119.59,-0.24,2.56,301.37,354.68,656.05,97.77,45997028.17,MM
15,I14,I14.2.16a,5,Dorsal,Unheated,South Africa,102.45,0.56,3.31,415.42,286.53,701.95,81.44,45545439.45,MM
16,I14,I14.2.16a,6,Ventral,Unheated,South Africa,95.71,0.52,2.86,287.7,227.39,515.09,76.02,44709739.37,MM
17,I14,I14.2.16a,7,Ventral,Unheated,South Africa,124.14,0.41,2.59,339.02,275.61,614.63,99.69,26579434.59,MM
18,I14,I14.2.16a,8,Ventral,Unheated,South Africa,106.62,0.61,4.24,588.37,340.41,928.78,80.56,45541509.92,MM
19,I14,I14.2.16a,9,Ventral,Unheated,South Africa,97.75,0.08,2.49,269.99,251.02,521.01,80,48672054.33,MM
20,I14,I14.2.16a,10,Ventral,Unheated,South Africa,162.85,-0.34,3.04,424.39,529.52,953.91,129.43,47785024.79,MM
21,E3,E3.1.1A,1,Dorsal,Unheated,South Africa,71.5,0.14,3.17,238.1,216.58,454.68,55.52,31155375.45,MM
22,E3,E3.1.1A,2,Dorsal,Unheated,South Africa,140.62,0.48,3.32,469.75,351.6,821.35,109.76,52821142.44,MM
23,E3,E3.1.1A,3,Dorsal,Unheated,South Africa,108.44,0.94,4.62,391.07,316.37,707.44,80.87,52007287.63,MM
24,E3,E3.1.1A,4,Dorsal,Unheated,South Africa,79.19,-0.09,3.86,312.2,290.5,602.7,59.8,50071541.65,MM
25,E3,E3.1.1A,5,Dorsal,Unheated,South Africa,112.2,-1.45,6.1,201.35,811.63,1012.98,85.4,48065589.18,MM
26,E3,E3.1.1A,6,Dorsal,Unheated,South Africa,201.8,0.3,2.66,612.83,464.27,1077.1,161.73,47058313.34,MM
27,E3,E3.1.1A,7,Dorsal,Unheated,South Africa,104.06,0.49,8.05,564.73,758.22,1322.95,72.09,45522922.5,MM
28,E3,E3.1.1A,8,Dorsal,Unheated,South Africa,131.85,-0.77,3.3,333.44,431.36,764.8,102.64,26715298.42,MM
29,E3,E3.1.1A,9,Dorsal,Unheated,South Africa,145.77,0.23,2.44,463.29,306.16,769.45,122.03,29102595.61,MM
30,E3,E3.1.1A,10,Dorsal,Unheated,South Africa,101.61,0.68,3.5,395.73,324.09,719.82,80.03,51421250.75,MM
31,E3,E3.1.1A,11,Ventral,Unheated,South Africa,165.53,-1,3.62,282.71,611.6,894.31,130.59,46776873.13,MM
32,E3,E3.1.1A,12,Ventral,Unheated,South Africa,132.43,-1.42,5.62,234.34,634.49,868.83,99.37,46021738.72,MM
33,E3,E3.1.1A,13,Ventral,Unheated,South Africa,160.86,-0.99,4.27,333.98,650.23,984.21,124.48,45999626.44,MM
34,E3,E3.1.1A,14,Ventral,Unheated,South Africa,96.38,-0.99,4.03,187.58,406.9,594.48,75.49,47344605.96,MM
35,E3,E3.1.1A,15,Ventral,Unheated,South Africa,83.02,-0.18,2.77,241.92,257.07,498.99,67,46611890.94,MM
36,E3,E3.1.1A,16,Ventral,Unheated,South Africa,120.2,-0.49,2.83,289.12,358.75,647.87,96.14,46221424.9,MM
37,E3,E3.1.1A,17,Ventral,Unheated,South Africa,96.45,-0.63,4.31,358.09,433.49,791.58,73.58,46286717.56,MM
38,E3,E3.1.1A,18,Ventral,Unheated,South Africa,109.6,-1,3.84,217.28,415.85,633.13,83.34,46788297.81,MM
39,E3,E3.1.1A,19,Ventral,Unheated,South Africa,86.81,0.76,4.63,357.7,219.99,577.69,63.05,46159571.94,MM
40,E3,E3.1.1A,20,Ventral,Unheated,South Africa,52.89,0.06,2.74,165.09,179.8,344.89,42.75,46806540.44,MM
41,D9,D9.1.12d,1,Dorsal ,Heated,South Africa,119.23,0.72,3.72,458.32,279.31,737.63,92.39,39933385.16,MM
42,D9,D9.1.12d,2,Dorsal ,Heated,South Africa,60.92,1.56,5.03,215.72,127.21,342.93,42.97,29593071.21,MM
43,D9,D9.1.12d,3,Dorsal ,Heated,South Africa,124.04,-0.45,2.15,241.34,315.14,556.48,102.08,35458635.65,MM
44,D9,D9.1.12d,4,Dorsal ,Heated,South Africa,60.37,0.81,2.9,202.16,149.58,351.74,47.95,31287349.29,MM
45,D9,D9.1.12d,5,Dorsal ,Heated,South Africa,78.22,0.98,3.78,255.82,224.72,480.54,56.02,30966717.26,MM
46,D9,D9.1.12d,6,Ventral ,Heated,South Africa,121.91,1.11,3.58,428.65,238.45,667.1,94.74,33634864.47,MM
47,D9,D9.1.12d,7,Ventral ,Heated,South Africa,198.85,-0.78,2.61,335.15,528.3,863.45,162.99,33474302.85,MM
48,D9,D9.1.12d,8,Ventral ,Heated,South Africa,103.54,-1.12,3.65,143.8,475.05,618.85,82.85,33602445.14,MM
49,D9,D9.1.12d,9,Ventral ,Heated,South Africa,26.15,-0.28,3.95,62.41,221.84,284.25,21.56,16498316.03,MM
50,D9,D9.1.12d,10,Ventral ,Heated,South Africa,54.96,0.06,3.44,197.63,282.2,479.83,42.64,42895370.69,MM
51,I14,I14.2.16e,1,Dorsal,Heated,South Africa,64.82,0.45,1.54,123.34,81.48,204.82,59.12,814401.83,MM
52,I14,I14.2.16e,2,Dorsal,Heated,South Africa,72.61,-0.37,2.19,130.24,160.93,291.17,60.1,2272305.16,MM
53,I14,I14.2.16e,3,Dorsal,Heated,South Africa,73.29,-1.27,3.85,76.92,214.19,291.11,61.91,1872350.47,MM
54,I14,I14.2.16e,4,Dorsal,Heated,South Africa,76.42,-1.86,5.99,114.92,299.32,414.24,52.71,17004123.22,MM
55,I14,I14.2.16e,5,Dorsal,Heated,South Africa,145.08,-0.67,3.19,325.45,502.34,827.79,113.66,24297447.2,MM
56,I14,I14.2.16e,6,Ventral ,Heated,South Africa,68.04,0.12,1.99,172.96,183.99,356.95,58.35,25096803.91,MM
57,I14,I14.2.16e,7,Ventral ,Heated,South Africa,95.51,0.81,4.58,427.38,218.22,645.6,71.46,28594089.29,MM
58,I14,I14.2.16e,8,Ventral ,Heated,South Africa,47.4,-0.77,3.72,114.72,186.43,301.15,35.88,25414409.57,MM
59,I14,I14.2.16e,9,Ventral ,Heated,South Africa,100.53,1.18,3.2,281,143.13,424.13,81.63,26373551.64,MM
60,I14,I14.2.16e,10,Ventral ,Heated,South Africa,110.77,0.7,2.45,350.39,203.63,554.02,93.27,29542669.08,MM
61,E3,E3.1.1B,1,Dorsal ,Heated,South Africa,82.6,-0.36,4.41,313.94,292.04,605.98,60.29,45032152.7,MM
62,E3,E3.1.1B,2,Dorsal ,Heated,South Africa,74.24,-1.5,6.28,109.41,414.1,523.51,57,46573992.95,MM
63,E3,E3.1.1B,3,Dorsal ,Heated,South Africa,84.6,-0.94,3.49,158.56,308.49,467.05,65.16,46511894.29,MM
64,E3,E3.1.1B,4,Dorsal ,Heated,South Africa,73.05,-1.03,4.29,186.7,309.39,496.09,55.6,46083591.68,MM
65,E3,E3.1.1B,5,Dorsal ,Heated,South Africa,88.22,-1.3,4.74,162.41,406.36,568.77,67.69,46018606.14,MM
66,E3,E3.1.1B,6,Dorsal ,Heated,South Africa,49.38,-0.48,2.84,139.46,149.08,288.54,39.61,46341813.99,MM
67,E3,E3.1.1B,7,Dorsal ,Heated,South Africa,61.48,0,3.09,204.76,157.47,362.23,48.16,46097841.82,MM
68,E3,E3.1.1B,8,Dorsal ,Heated,South Africa,63.36,-1.15,5.22,229.95,314.66,544.61,47.48,47039456.47,MM
69,E3,E3.1.1B,9,Dorsal ,Heated,South Africa,61.26,-0.49,4.27,221.3,335.02,556.32,45.35,45874139.24,MM
70,E3,E3.1.1B,10,Dorsal ,Heated,South Africa,54.72,-0.48,2.48,139.15,159.28,298.43,45.71,46128184.78,MM
71,E3,E3.1.1B,11,Ventral ,Heated,South Africa,42.04,0.87,4.5,195.7,127.43,323.13,32.82,49285142.93,MM
72,E3,E3.1.1B,12,Ventral ,Heated,South Africa,35.95,1.61,7.7,198.64,123.37,322.01,25.47,47829049.19,MM
73,E3,E3.1.1B,13,Ventral ,Heated,South Africa,51.65,-0.82,3.69,110.58,188.75,299.33,39.89,48477246.16,MM
74,E3,E3.1.1B,14,Ventral ,Heated,South Africa,39.34,0.72,4.31,168.85,146.86,315.71,29.73,48574355.93,MM
75,E3,E3.1.1B,15,Ventral ,Heated,South Africa,39.4,-0.29,3.41,127.53,166.54,294.07,30.33,49327709.07,MM
76,E3,E3.1.1B,16,Ventral ,Heated,South Africa,41.48,0.97,3.29,151.11,101.35,252.46,33.66,52677535.45,MM
77,E3,E3.1.1B,17,Ventral ,Heated,South Africa,64.56,0.43,4.11,226.09,286.82,512.91,48.25,51624990.85,MM
78,E3,E3.1.1B,18,Ventral ,Heated,South Africa,77.9,1,4.06,329.87,169.06,498.93,59.44,53967971.35,MM
79,E3,E3.1.1B,19,Ventral ,Heated,South Africa,64.75,0.77,2.77,213.02,126.1,339.12,53.24,51859626.73,MM
80,E3,E3.1.1B,20,Ventral ,Heated,South Africa,173.67,-1.04,4.32,372.76,649.55,1022.31,130.1,52439029.93,MM
81,E3,E3.1.6C,1,Dorsal,Heated,South Africa,63.65,0.77,3.55,248.35,160.6,408.95,49.62,55601946.11,MM
82,E3,E3.1.6C,2,Dorsal,Heated,South Africa,44.72,-0.38,2.95,128.25,196.21,324.46,36.17,56976408.67,MM
83,E3,E3.1.6C,3,Dorsal,Heated,South Africa,182.06,1.97,6.42,737.13,288.82,1025.95,125.25,55485672.36,MM
84,E3,E3.1.6C,4,Dorsal,Heated,South Africa,42.47,0.33,2.93,122.9,128.88,251.78,33.66,33547267.85,MM
85,E3,E3.1.6C,5,Dorsal,Heated,South Africa,26.36,-0.02,4.17,124.89,136.07,260.96,20.04,56938694.95,MM
86,E3,E3.1.6C,6,Dorsal,Heated,South Africa,30.13,0.64,3.43,127.95,115.01,242.96,24.07,31691494.62,MM
87,E3,E3.1.6C,7,Dorsal,Heated,South Africa,28.28,0.42,3.27,118.53,109.54,228.07,22.74,32117881.6,MM
88,E3,E3.1.6C,8,Dorsal,Heated,South Africa,39.01,-1.18,4.69,104.52,185.16,289.68,29.39,56445222.53,MM
89,E3,E3.1.6C,9,Dorsal,Heated,South Africa,57.53,-0.89,4.11,159.55,262.14,421.69,44.18,54756765.57,MM
90,E3,E3.1.6C,10,Dorsal,Heated,South Africa,43.64,-0.02,2.48,135.4,134.13,269.53,35.46,53287035.92,MM
91,E3,E3.1.6C,11,Ventral,Heated,South Africa,27.89,0.89,6.73,157.92,122.46,280.38,19.37,47011816.12,MM
92,E3,E3.1.6C,12,Ventral,Heated,South Africa,99.99,0.68,2.74,394.42,200.91,595.33,83.66,46302196.15,MM
93,E3,E3.1.6C,13,Ventral,Heated,South Africa,92.46,1.44,6.07,455.88,210.99,666.87,66.04,45798834.63,MM
94,E3,E3.1.6C,14,Ventral,Heated,South Africa,64.31,-0.69,3.34,116.9,340.26,457.16,52.52,46930860.6,MM
95,E3,E3.1.6C,15,Ventral,Heated,South Africa,107.73,-1.85,6.55,224.19,496.38,720.57,77.03,45956753.18,MM
96,E3,E3.1.6C,16,Ventral,Heated,South Africa,74.24,-1.13,4.74,158.1,373.83,531.93,55.2,46698150.57,MM
97,E3,E3.1.6C,17,Ventral,Heated,South Africa,62.69,-1.64,6.01,138.76,315.29,454.05,46.12,46855032.42,MM
98,E3,E3.1.6C,18,Ventral,Heated,South Africa,54.2,-1.88,7.28,112.37,281.12,393.49,37.51,47431084.9,MM
99,E3,E3.1.6C,19,Ventral,Heated,South Africa,43.75,-0.35,2.4,113.51,167.01,280.52,36.28,47667943.33,MM
100,E3,E3.1.6C,20,Ventral,Heated,South Africa,100.13,0.85,3.67,355.9,213.66,569.56,76.97,46837403.18,MM
101,D9,D9.1.10B,1,Dorsal,Heated,South Africa,79.26,0.73,2.81,251.53,157.51,409.04,65.06,28353619.49,MM
102,D9,D9.1.10B,2,Dorsal,Heated,South Africa,70.73,-0.48,3.77,238.18,279.02,517.2,53.36,29239569.68,MM
103,D9,D9.1.10B,3,Dorsal,Heated,South Africa,48.96,-0.4,3.19,147.84,198.95,346.79,38.86,30339259.12,MM
104,D9,D9.1.10B,4,Dorsal,Heated,South Africa,53.48,0.12,2.51,160.1,157.19,317.29,43.96,28925525.72,MM
105,D9,D9.1.10B,5,Dorsal,Heated,South Africa,80.76,0.65,3.33,329.63,197.49,527.12,64.78,25279444.07,MM
106,D9,D9.1.10B,6,Dorsal,Heated,South Africa,98.57,-0.25,2.38,230.25,289.57,519.82,82,27328300.76,MM
107,D9,D9.1.10B,7,Dorsal,Heated,South Africa,52.49,-0.4,4.85,219.42,257.41,476.83,39.04,29059034.31,MM
108,D9,D9.1.10B,8,Dorsal,Heated,South Africa,113.05,-0.69,3.43,286.11,373.92,660.03,85.4,29501008.24,MM
109,D9,D9.1.10B,9,Dorsal,Heated,South Africa,65.62,-1.08,5.87,219.79,322.24,542.03,47.51,29111634.63,MM
110,D9,D9.1.10B,10,Dorsal,Heated,South Africa,131.83,-1.38,4.86,238.03,567.7,805.73,99.82,30466429.59,MM
111,D9,D9.1.10B,11,Ventral,Heated,South Africa,38.73,0.36,3.72,172.98,149.85,322.83,29.8,29031749.84,MM
112,D9,D9.1.10B,12,Ventral,Heated,South Africa,93.61,0.8,4.07,395.76,290.34,686.1,70.39,26464453.63,MM
113,D9,D9.1.10B,13,Ventral,Heated,South Africa,84.58,0.25,5.17,324.91,504.19,829.1,62.86,26167260.09,MM
114,D9,D9.1.10B,14,Ventral,Heated,South Africa,46.85,-0.13,3.2,152.69,248.17,400.86,37.34,26809999.39,MM
115,D9,D9.1.10B,15,Ventral,Heated,South Africa,83.14,0.17,2.96,335.85,268.71,604.56,67.8,26148989.86,MM
116,D9,D9.1.10B,16,Ventral,Heated,South Africa,45.08,-0.68,3.4,142.49,171.44,313.93,35.59,26412682.2,MM
117,D9,D9.1.10B,17,Ventral,Heated,South Africa,87.48,-0.03,2.96,218.57,353.79,572.36,70.87,25434931.03,MM
118,D9,D9.1.10B,18,Ventral,Heated,South Africa,67.59,-0.8,3.57,134.22,295.69,429.91,53.86,26597180.5,MM
119,D9,D9.1.10B,19,Ventral,Heated,South Africa,81.81,-0.32,2.39,184.95,269.83,454.78,66.84,26344678.24,MM
120,D9,D9.1.10B,20,Ventral,Heated,South Africa,43.91,-1.05,4.92,127.12,218.71,345.83,32.36,26064787.9,MM
121,E3,E3.1.6b,1,Dorsal,Unheated,South Africa,103.87,-0.01,2.97,451.76,328.53,780.29,83.73,30336016.72,MM
122,E3,E3.1.6b,2,Dorsal,Unheated,South Africa,122.33,0.36,2.93,378.75,347.52,726.27,98.74,31733327.11,MM
123,E3,E3.1.6b,3,Dorsal,Unheated,South Africa,110.59,0.14,2.41,272.95,298.16,571.11,89.28,27277771.43,MM
124,E3,E3.1.6b,4,Dorsal,Unheated,South Africa,112.66,0.35,2.75,340.49,315.8,656.29,90.92,27412926.18,MM
125,E3,E3.1.6b,5,Dorsal,Unheated,South Africa,167.93,0.82,2.68,550.48,253.41,803.89,140.38,28284334.07,MM
126,E3,E3.1.6b,6,Dorsal,Unheated,South Africa,122.51,-0.42,2.88,279.51,357.58,637.09,95.29,27083795.19,MM
127,E3,E3.1.6b,7,Dorsal,Unheated,South Africa,153.78,-0.06,2.85,417.57,435.06,852.63,119.39,27555507.01,MM
128,E3,E3.1.6b,8,Dorsal,Unheated,South Africa,160.08,0.14,2.33,455.69,342.06,797.75,132.96,27650733.6,MM
129,E3,E3.1.6b,9,Dorsal,Unheated,South Africa,108.46,-1.63,6.23,236.46,497.35,733.81,75.14,26025526.28,MM
130,E3,E3.1.6b,10,Dorsal,Unheated,South Africa,95,0.38,2.49,258.13,235.62,493.75,76.63,20116711.4,MM
131,E3,E3.1.6b,11,Ventral,Unheated,South Africa,70.38,-0.18,2.55,200.32,232.28,432.6,58.25,26626348.36,MM
132,E3,E3.1.6b,12,Ventral,Unheated,South Africa,94.46,0.28,2.58,278.42,272.06,550.48,76.99,49617085.1,MM
133,E3,E3.1.6b,13,Ventral,Unheated,South Africa,86.35,0.51,2.66,254.9,183.13,438.03,69.18,26372687.11,MM
134,E3,E3.1.6b,14,Ventral,Unheated,South Africa,115.13,0.47,3.85,525.55,325.89,851.44,88.62,47279177.04,MM
135,E3,E3.1.6b,15,Ventral,Unheated,South Africa,83.73,0.22,3.22,288.78,237.63,526.41,64.28,26265751.49,MM
136,E3,E3.1.6b,16,Ventral,Unheated,South Africa,138.76,0.58,4.24,504.05,371.84,875.89,103.82,25493058.72,MM
137,E3,E3.1.6b,17,Ventral,Unheated,South Africa,86.23,-0.43,2.93,212.97,314.43,527.4,69.21,26220745.96,MM
138,E3,E3.1.6b,18,Ventral,Unheated,South Africa,69.53,-0.47,3.38,215.11,263.18,478.29,54.79,49061838.91,MM
139,E3,E3.1.6b,19,Ventral,Unheated,South Africa,72.58,-0.97,4.28,167.68,307.04,474.72,54.52,48866346.75,MM
140,E3,E3.1.6b,20,Ventral,Unheated,South Africa,77.89,-0.73,3.45,182.42,300.97,483.39,61.96,47671044.83,MM
141,D9,D9.1.10A,1,Dorsal,Unheated,South Africa,93.42,0.99,3.85,394.7,323.47,718.17,74.36,30643303.46,MM
142,D9,D9.1.10A,2,Dorsal,Unheated,South Africa,118.28,0.49,3.99,396.35,864.89,1261.24,91.67,47634512.85,MM
143,D9,D9.1.10A,3,Dorsal,Unheated,South Africa,150.11,-0.64,2.81,378.49,507.4,885.89,121.22,47008680.07,MM
144,D9,D9.1.10A,4,Dorsal,Unheated,South Africa,192.49,0,2.78,526.17,490.99,1017.16,150.29,49981708.09,MM
145,D9,D9.1.10A,5,Dorsal,Unheated,South Africa,127.87,0.79,5.36,497.2,384.47,881.67,89.63,47715313,MM
146,D9,D9.1.10A,6,Dorsal,Unheated,South Africa,127.98,0.06,2.58,429.98,362.53,792.51,104.44,46398135.48,MM
147,D9,D9.1.10A,7,Dorsal,Unheated,South Africa,121.55,-0.68,3.33,280.76,423.9,704.66,96.92,54830638.08,MM
148,D9,D9.1.10A,8,Dorsal,Unheated,South Africa,175.58,-0.42,2.86,389.53,572.89,962.42,140.55,51931226.61,MM
149,D9,D9.1.10A,9,Dorsal,Unheated,South Africa,137.6,1.01,3.7,571.02,230.17,801.19,110.05,25460612.37,MM
150,D9,D9.1.10A,10,Dorsal,Unheated,South Africa,119.61,0.35,3.54,511.11,434.21,945.32,93.19,57924804.92,MM
151,D9,D9.1.10A,11,Ventral,Unheated,South Africa,127,-0.1,3.29,496.44,363.06,859.5,97.88,48386212.12,MM
152,D9,D9.1.10A,12,Ventral,Unheated,South Africa,160.71,1.74,5.66,614.62,280.37,894.99,112.31,45316788.78,MM
153,D9,D9.1.10A,13,Ventral,Unheated,South Africa,175.64,-0.26,2.77,389.9,596.24,986.14,140.1,46969323.77,MM
154,D9,D9.1.10A,14,Ventral,Unheated,South Africa,122.43,-1.11,4.39,273.18,472.58,745.76,94,48557574.75,MM
155,D9,D9.1.10A,15,Ventral,Unheated,South Africa,158.82,0.27,2.7,471.19,384.26,855.45,126.96,47203803.84,MM
156,D9,D9.1.10A,16,Ventral,Unheated,South Africa,53.35,-0.41,3.22,156.43,274.62,431.05,42.04,47424162.31,MM
157,D9,D9.1.10A,17,Ventral,Unheated,South Africa,139.2,0.45,3.43,472.97,399.95,872.92,108.29,48046679.57,MM
158,D9,D9.1.10A,18,Ventral,Unheated,South Africa,66.78,-0.67,3.49,234.65,314.83,549.48,52.93,47633284.88,MM
159,D9,D9.1.10A,19,Ventral,Unheated,South Africa,178.23,-0.42,3.17,449.84,636.78,1086.62,140.7,47377622.4,MM
160,D9,D9.1.10A,20,Ventral,Unheated,South Africa,142.08,-1.07,4.05,284.05,570.09,854.14,108.47,48235602.11,MM
161,E3,E3.1.6B.19,1,Dorsal,Unheated,South Africa,178.25,0.6,3.05,484.04,427.22,911.26,138.15,52089879.79,MM
162,E3,E3.1.6B.19,2,Dorsal,Unheated,South Africa,107.61,0.45,3.83,351.18,319.11,670.29,81.35,51623375.58,MM
163,E3,E3.1.6B.19,3,Dorsal,Unheated,South Africa,124.26,-0.03,3.31,404.17,373.3,777.47,94.49,27588929.78,MM
164,E3,E3.1.6B.19,4,Dorsal,Unheated,South Africa,222.78,0.62,2.56,572.88,412.29,985.17,182.73,56329285.13,MM
165,E3,E3.1.6B.19,5,Dorsal,Unheated,South Africa,139.55,0.4,2.27,401.46,286.73,688.19,117.12,26889833.24,MM
166,E3,E3.1.6B.19,6,Dorsal,Unheated,South Africa,158.25,0.44,2.75,715.53,335.85,1051.38,130.43,47340349.15,MM
167,E3,E3.1.6B.19,7,Dorsal,Unheated,South Africa,72.82,-0.05,3.32,375.62,242.62,618.24,57.72,27224261.89,MM
168,E3,E3.1.6B.19,8,Dorsal,Unheated,South Africa,102.88,0.26,3.3,391.48,310.41,701.89,81.57,27437249.78,MM
169,E3,E3.1.6B.19,9,Dorsal,Unheated,South Africa,164.63,0.44,3.79,624.34,433.09,1057.43,124.26,45302435.94,MM
170,E3,E3.1.6B.19,10,Dorsal,Unheated,South Africa,130.71,-0.46,5.08,383.94,597.5,981.44,93.87,48948070.38,MM
171,E3,E3.1.6B.19,11,Ventral,Unheated,South Africa,116.44,0.28,4.6,414.3,444.62,858.92,85.95,46819412.58,MM
172,E3,E3.1.6B.19,12,Ventral,Unheated,South Africa,179.17,-1.87,8.03,311.09,901.46,1212.55,122.11,105290872,MM
173,E3,E3.1.6B.19,13,Ventral,Unheated,South Africa,131.88,-0.37,3.19,389.07,457.91,846.98,103.19,107196876.8,MM
174,E3,E3.1.6B.19,14,Ventral,Unheated,South Africa,181.95,-0.58,3.72,444.8,664.38,1109.18,141.89,107601622.4,MM
175,E3,E3.1.6B.19,15,Ventral,Unheated,South Africa,116.87,-0.14,2.58,331.84,360.12,691.96,95.68,108442538.5,MM
176,E3,E3.1.6B.19,16,Ventral,Unheated,South Africa,134.27,-0.46,4.34,400.53,584.2,984.73,101.97,107083476.5,MM
177,E3,E3.1.6B.19,17,Ventral,Unheated,South Africa,101.59,-0.7,4.83,278.16,504.31,782.47,78.35,106725748.6,MM
178,E3,E3.1.6B.19,18,Ventral,Unheated,South Africa,119.9,-1.21,5.13,265.79,551.73,817.52,93.22,107099780.8,MM
179,E3,E3.1.6B.19,19,Ventral,Unheated,South Africa,200.56,-0.67,2.84,457.38,688.59,1145.97,169.27,112389704.6,MM
180,E3,E3.1.6B.19,20,Ventral,Unheated,South Africa,284.89,0.05,2.74,724.69,810.93,1535.62,225.19,106262180.8,MM
181,E3,E3.1.6B.10,1,Dorsal,Unheated,South Africa,305.38,1.43,4.26,920.07,544.82,1464.89,228.87,105744311.3,MM
182,E3,E3.1.6B.10,2,Dorsal,Unheated,South Africa,120.04,0.17,3.34,351.33,451.91,803.24,96.14,56861924.77,MM
183,E3,E3.1.6B.10,3,Dorsal,Unheated,South Africa,181.87,0.39,3.81,702.1,542.51,1244.61,139.41,56815069.03,MM
184,E3,E3.1.6B.10,4,Dorsal,Unheated,South Africa,100.43,1.17,5.6,518.65,254.51,773.16,74.63,46496858.34,MM
185,E3,E3.1.6B.10,5,Dorsal,Unheated,South Africa,153.93,0.39,2.43,419.49,318.95,738.44,127.14,65820029.46,MM
186,E3,E3.1.6B.10,6,Dorsal,Unheated,South Africa,118.82,1.24,4.64,570.25,318.26,888.51,94.5,49037814.91,MM
187,E3,E3.1.6B.10,7,Dorsal,Unheated,South Africa,85.17,1.33,7.36,464.41,241.49,705.9,57.16,27009527.11,MM
188,E3,E3.1.6B.10,8,Dorsal,Unheated,South Africa,158.01,0.84,3.27,500.52,378.31,878.83,122.35,26662300.3,MM
189,E3,E3.1.6B.10,9,Dorsal,Unheated,South Africa,256.18,-1.02,3.85,648,917.97,1565.97,200.01,53771715.47,MM
190,E3,E3.1.6B.10,10,Dorsal,Unheated,South Africa,152.51,-1.01,5.93,405.13,662.58,1067.71,109.9,48519401.36,MM
191,E3,E3.1.6B.10,11,Ventral,Unheated,South Africa,80.14,-0.96,3.94,162.52,312.28,474.8,62.39,49720262.89,MM
192,E3,E3.1.6B.10,12,Ventral,Unheated,South Africa,149.92,0.28,3.51,543.18,535.93,1079.11,113.38,100978474.8,MM
193,E3,E3.1.6B.10,13,Ventral,Unheated,South Africa,138.72,-0.32,2.59,374.55,394.25,768.8,111.22,107686321.9,MM
194,E3,E3.1.6B.10,14,Ventral,Unheated,South Africa,111.23,-0.15,6.42,496.83,466.78,963.61,71.36,46803416.46,MM
195,E3,E3.1.6B.10,15,Ventral,Unheated,South Africa,216.1,0.93,3.13,760.26,383.22,1143.48,176.11,118946944,MM
196,E3,E3.1.6B.10,16,Ventral,Unheated,South Africa,102.93,0.04,3.33,368.59,324.28,692.87,78.82,119572035.1,MM
197,E3,E3.1.6B.10,17,Ventral,Unheated,South Africa,179.5,0.17,2.73,530.28,491.86,1022.14,143.15,119945238.3,MM
198,E3,E3.1.6B.10,18,Ventral,Unheated,South Africa,106.77,-0.03,3.3,425.87,331.31,757.18,83.32,116120078.4,MM
199,E3,E3.1.6B.10,19,Ventral,Unheated,South Africa,129.68,0.47,2.34,351.81,268.74,620.55,108.31,48449324.04,MM
200,E3,E3.1.6B.10,20,Ventral,Unheated,South Africa,268.62,-0.2,2.8,703.39,781.4,1484.79,217,103859918.4,MM
201,E3,E3.1.6B.3,1,Dorsal,Unheated,South Africa,192.35,-0.07,2.08,414.69,422.59,837.28,160.45,47176265,JM
202,E3,E3.1.6B.3,2,Dorsal,Unheated,South Africa,99.46,-0.65,4.04,234.36,744.13,978.49,77.44,47396273.89,JM
203,E3,E3.1.6B.3,3,Dorsal,Unheated,South Africa,136.94,0.19,2.39,362.93,292.88,655.81,111.13,45513157.98,JM
204,E3,E3.1.6B.3,4,Dorsal,Unheated,South Africa,150.19,-1.22,4.22,270.91,550.76,821.67,111.39,46159181.93,JM
205,E3,E3.1.6B.3,5,Dorsal,Unheated,South Africa,86.3,-0.23,2.64,245.44,244.3,489.74,69.19,45242246.69,JM
206,E3,E3.1.6B.3,6,Dorsal,Unheated,South Africa,115.13,-0.08,2.45,307.45,364.98,672.43,95.51,45562219.2,JM
207,E3,E3.1.6B.3,7,Dorsal,Unheated,South Africa,57.07,0.9,5.32,291.86,171.38,463.24,42.68,46051726.18,JM
208,E3,E3.1.6B.3,8,Dorsal,Unheated,South Africa,109.17,0.2,2.59,284.1,279.01,563.11,87.49,46340137.41,JM
209,E3,E3.1.6B.3,9,Dorsal,Unheated,South Africa,109.6,-0.59,4.28,268.5,462.16,730.66,86.6,48744628.1,JM
210,E3,E3.1.6B.3,10,Dorsal,Unheated,South Africa,83.25,-0.12,3.04,211.2,271.46,482.66,65.08,48339350.09,JM
211,E3,E3.1.6B.3,11,Ventral,Unheated,South Africa,110.64,0.02,2.22,246.14,340.03,586.17,93.56,43732198.83,JM
212,E3,E3.1.6B.3,12,Ventral,Unheated,South Africa,117.19,0.1,2.38,280.86,250.94,531.8,94.61,46361470.6,JM
213,E3,E3.1.6B.3,13,Ventral,Unheated,South Africa,70.18,0.95,5.03,302.99,189.41,492.4,50.18,45793037.49,JM
214,E3,E3.1.6B.3,14,Ventral,Unheated,South Africa,107.85,0.31,2.88,383.3,311.88,695.18,85.9,45394821.15,JM
215,E3,E3.1.6B.3,15,Ventral,Unheated,South Africa,110.63,0.34,2.43,299.5,282.13,581.63,90.62,46217596.91,JM
216,E3,E3.1.6B.3,16,Ventral,Unheated,South Africa,99.68,-0.04,2.74,288.86,318.13,606.99,81.15,45951095.92,JM
217,E3,E3.1.6B.3,17,Ventral,Unheated,South Africa,105.94,-1.34,4.55,207.88,441.9,649.78,79.58,46428102.37,JM
218,E3,E3.1.6B.3,18,Ventral,Unheated,South Africa,193.9,-0.2,2.44,572.21,522.11,1094.32,159.61,44142475.8,JM
219,E3,E3.1.6B.3,19,Ventral,Unheated,South Africa,134.14,1.22,3.95,445.24,264.09,709.33,101.12,46551171.73,JM
220,E3,E3.1.6B.3,20,Ventral,Unheated,South Africa,139.91,-0.61,2.96,381.42,498.96,880.38,113.13,45584180.6,JM
221,E3,E3.1.6B.4,1,Dorsal,Unheated,South Africa,139.21,1.21,4.8,616.34,221.61,837.95,109.11,47366493.3,MM
222,E3,E3.1.6B.4,2,Dorsal,Unheated,South Africa,111,0.44,2.45,354.95,243.95,598.9,91.46,47834570.53,MM
223,E3,E3.1.6B.4,3,Dorsal,Unheated,South Africa,127.92,1.71,6.52,661.9,208.16,870.06,96.59,46384777.59,MM
224,E3,E3.1.6B.4,4,Dorsal,Unheated,South Africa,54.83,0.31,4.08,244.66,228.72,473.38,41.83,47397379.15,MM
225,E3,E3.1.6B.4,5,Dorsal,Unheated,South Africa,130.31,0.55,2.77,425.94,269.46,695.4,106.41,46962582.5,MM
226,E3,E3.1.6B.4,6,Dorsal,Unheated,South Africa,144.75,-0.14,3.2,483.06,388.76,871.82,111.32,47834570.53,MM
227,E3,E3.1.6B.4,7,Dorsal,Unheated,South Africa,99.34,0.14,2.8,293.92,281.92,575.84,80.04,48116718.62,MM
228,E3,E3.1.6B.4,8,Dorsal,Unheated,South Africa,67.75,0.27,4.24,370.19,256.21,626.4,52,47803439.07,MM
229,E3,E3.1.6B.4,9,Dorsal,Unheated,South Africa,124.47,-1.11,4.22,256.28,472.71,728.99,94.46,47756526.96,MM
230,E3,E3.1.6B.4,10,Dorsal,Unheated,South Africa,126.35,1.23,4.81,521.25,288.27,809.52,90.9,47554755.77,MM
231,E3,E3.1.6B.4,11,Ventral,Unheated,South Africa,130.76,-0.56,3.41,296.12,440.79,736.91,100.17,46521891.13,MM
232,E3,E3.1.6B.4,12,Ventral,Unheated,South Africa,149.23,-0.27,3.53,373.65,587.78,961.43,118.06,47571396.06,MM
233,E3,E3.1.6B.4,13,Ventral,Unheated,South Africa,172.01,-0.13,3.24,539.15,543.68,1082.83,134.59,44711538.1,MM
234,E3,E3.1.6B.4,14,Ventral,Unheated,South Africa,196.4,-0.23,2.45,496.87,518.66,1015.53,160.23,47278256.78,MM
235,E3,E3.1.6B.4,15,Ventral,Unheated,South Africa,92.86,0.27,4.94,467.12,332.36,799.48,66.78,43803137.92,MM
236,E3,E3.1.6B.4,16,Ventral,Unheated,South Africa,97.89,-0.55,2.47,252.69,286.89,539.58,80.97,47251791.96,MM
237,E3,E3.1.6B.4,17,Ventral,Unheated,South Africa,103.97,0.43,5.91,471.24,389.45,860.69,73.57,47548615.44,MM
238,E3,E3.1.6B.4,18,Ventral,Unheated,South Africa,102.04,-1.3,4.86,200.33,461.81,662.14,76.25,47550518.94,MM
239,E3,E3.1.6B.4,19,Ventral,Unheated,South Africa,105.56,-0.32,3.12,273.59,345.19,618.78,81.88,47984271.74,MM
240,E3,E3.1.6B.4,20,Ventral,Unheated,South Africa,150.38,0.23,3.83,512.21,511.76,1023.97,112.01,48246279.55,MM
241,E3,E3.1.1B.12,1,Dorsal,Heated,South Africa,98.26,1.09,3.71,354.01,193.68,547.69,76.73,45841897.71,JM
242,E3,E3.1.1B.12,2,Dorsal,Heated,South Africa,57.88,-0.49,2.96,122.82,187.08,309.9,45.81,45857746.95,JM
243,E3,E3.1.1B.12,3,Dorsal,Heated,South Africa,60.5,0.2,3.34,222.02,176.5,398.52,46.48,46273205.88,JM
244,E3,E3.1.1B.12,4,Dorsal,Heated,South Africa,43.2,0.55,2.59,163.01,105.95,268.96,36.25,46780688.7,JM
245,E3,E3.1.1B.12,5,Dorsal,Heated,South Africa,88.02,-0.15,3,259.3,240.72,500.02,66.62,41140571,JM
246,E3,E3.1.1B.12,6,Ventral,Heated,South Africa,69.93,-0.9,4.01,128.51,320.36,448.87,54.95,44126493.98,JM
247,E3,E3.1.1B.12,7,Ventral,Heated,South Africa,88.13,-0.37,1.95,138.48,213,351.48,75.93,46455963.59,JM
248,E3,E3.1.1B.12,8,Ventral,Heated,South Africa,63.75,0.02,2.2,157.4,186.29,343.69,53.9,47418897.03,JM
249,E3,E3.1.1B.12,9,Ventral,Heated,South Africa,38.37,-0.95,4.25,83.8,184.16,267.96,29.2,46825103.43,JM
250,E3,E3.1.1B.12,10,Ventral,Heated,South Africa,83.88,-1.21,3.77,128.97,320.67,449.64,66.76,45950508,JM
251,E3,E3.1.6B.23,1,Dorsal,Unheated,South Africa,149.32,0.61,3.12,556.52,344.44,900.96,119.5,119322046.1,MM
252,E3,E3.1.6B.23,2,Dorsal,Unheated,South Africa,146.35,0.46,3.16,504.83,342.23,847.06,113.63,122211447.3,MM
253,E3,E3.1.6B.23,3,Dorsal,Unheated,South Africa,191.21,1.43,5.57,818.58,372.04,1190.62,142.95,114369991,MM
254,E3,E3.1.6B.23,4,Dorsal,Unheated,South Africa,217.56,0.32,3.73,747.78,626.78,1374.56,159.69,111734155.1,MM
255,E3,E3.1.6B.23,5,Dorsal,Unheated,South Africa,208.21,0.31,3.67,702.95,777.53,1480.48,160.75,111488466.1,MM
256,E3,E3.1.6B.23,6,Ventral,Unheated,South Africa,135.58,-0.78,3.51,297.59,457.43,755.02,105.12,115274120.7,MM
257,E3,E3.1.6B.23,7,Ventral,Unheated,South Africa,136.75,-0.81,3.65,349.83,510.32,860.15,104.7,111008557.5,MM
258,E3,E3.1.6B.23,8,Ventral,Unheated,South Africa,148.06,-0.99,3.94,343.52,566.28,909.8,113.43,111013946.6,MM
259,E3,E3.1.6B.23,9,Ventral,Unheated,South Africa,149.54,-0.51,2.94,431.2,552.85,984.05,122.24,108028093.8,MM
260,E3,E3.1.6B.23,10,Ventral,Unheated,South Africa,201.89,-0.78,3.27,542.77,593.23,1136,156.19,106942115.6,MM
261,E3,E3.1.6B.6b,1,Dorsal,Unheated,South Africa,124.52,-0.41,2.78,338.08,354.26,692.35,100.58,46453419.29,JM
262,E3,E3.1.6B.6b,2,Dorsal,Unheated,South Africa,134.39,0.46,2.83,395.98,317.28,713.26,107.53,46107463.31,JM
263,E3,E3.1.6B.6b,3,Dorsal,Unheated,South Africa,134.82,-0.45,2.42,307.72,407.55,715.27,112.63,46182820.67,JM
264,E3,E3.1.6B.6b,4,Dorsal,Unheated,South Africa,129.98,0.33,3.56,442.01,365.2,807.21,102.44,45327910.8,JM
265,E3,E3.1.6B.6b,5,Dorsal,Unheated,South Africa,80.25,0.39,2.84,259.9,220.69,480.59,64.62,43483835.82,JM
266,E3,E3.1.6B.6b,6,Ventral,Unheated,South Africa,97.68,0.97,4.27,386.82,209.73,596.55,74.27,44311415.6,JM
267,E3,E3.1.6B.6b,7,Ventral,Unheated,South Africa,173.96,0.45,3.38,538.68,412.49,951.17,127.77,45297202.83,JM
268,E3,E3.1.6B.6b,8,Ventral,Unheated,South Africa,148.58,-0.15,2.53,408.32,421.37,829.69,121.99,45785950.87,JM
269,E3,E3.1.6B.6b,9,Ventral,Unheated,South Africa,114.48,0.21,2.17,288.8,262.4,551.2,96.38,45642237.57,JM
270,E3,E3.1.6B.6b,10,Ventral,Unheated,South Africa,164.85,-0.38,2.29,369.74,501.06,870.8,139.46,40405607.55,JM
271,E3,E3.1.6B.6a,1,Dorsal,Unheated,South Africa,81.82,-0.08,2.98,266.1,260.34,526.44,64.14,47759981.98,MM
272,E3,E3.1.6B.6a,2,Dorsal,Unheated,South Africa,85.27,0.45,2.63,271.59,207.84,479.43,69.27,45105093.77,MM
273,E3,E3.1.6B.6a,3,Dorsal,Unheated,South Africa,67.01,0.05,2.47,201.49,187.04,388.53,55.27,45528925.17,MM
274,E3,E3.1.6B.6a,4,Dorsal,Unheated,South Africa,102.8,0.46,2.82,323.39,242.98,566.37,80.41,40107924.5,MM
275,E3,E3.1.6B.6a,5,Ventral,Unheated,South Africa,59.01,0.8,3.55,221.19,148.31,369.5,46.05,47532067.43,MM
276,E3,E3.1.6B.6a,6,Ventral,Unheated,South Africa,122.99,-0.29,2.62,302.39,399.02,701.41,100.05,47846824.11,MM
277,E3,E3.1.6B.6a,7,Ventral,Unheated,South Africa,111.45,0.84,3.14,357.15,248.44,605.59,88.77,54428463.19,MM
278,E3,E3.1.6B.13a,1,Dorsal,Unheated,South Africa,83.49,0.63,3.86,334.76,222.75,557.51,63.82,47407331.66,MM
279,E3,E3.1.6B.13a,2,Dorsal,Unheated,South Africa,98.96,1.16,4.28,430.58,203.15,633.73,74.9,47422931.3,MM
280,E3,E3.1.6B.13a,3,Dorsal,Unheated,South Africa,148.43,-0.24,3.38,443.57,489.88,933.45,112.57,105109417.9,MM
281,E3,E3.1.6B.13a,4,Dorsal,Unheated,South Africa,183.58,0.75,2.54,523.18,330.82,854,153.29,105326922.5,MM
282,E3,E3.1.6B.13a,5,Dorsal,Unheated,South Africa,132.63,-0.87,3.37,353.56,440.11,793.67,104.31,46886708.74,MM
283,E3,E3.1.6B.13a,6,Ventral,Unheated,South Africa,84.21,-0.71,4.18,291.6,331.69,623.29,64.72,53019768.14,MM
284,E3,E3.1.6B.13a,7,Ventral,Unheated,South Africa,116.9,-0.23,2.58,336.04,398.86,734.9,94.6,44205554.7,MM
285,E3,E3.1.6B.13a,8,Ventral,Unheated,South Africa,103.34,0.07,1.88,245.83,260.28,506.11,90.34,47572962.4,MM
286,E3,E3.1.6B.13a,9,Ventral,Unheated,South Africa,80.88,-0.92,4.33,207.47,382.15,589.62,61,47636582.97,MM
287,E3,E3.1.6B.13a,10,Ventral,Unheated,South Africa,119.11,-0.17,2.56,294.24,351.26,645.5,96.17,47745953.87,MM
288,E3,E3.1.6B.22b,1,Dorsal,Unheated,South Africa,158.76,0.19,2.76,529.75,546.53,1076.28,130.38,68853247.27,MM
289,E3,E3.1.6B.22b,2,Dorsal,Unheated,South Africa,92.1,0.58,3.76,294.6,366.01,660.61,71.89,47243560.1,MM
290,E3,E3.1.6B.22b,3,Dorsal,Unheated,South Africa,109.02,0.8,3.53,408.14,283.98,692.12,83.58,47119020.98,MM
291,E3,E3.1.6B.22b,4,Dorsal,Unheated,South Africa,118.86,-0.11,2.94,446.36,456.05,902.41,96.16,53520073.98,MM
292,E3,E3.1.6B.22b,5,Ventral,Unheated,South Africa,116.98,0.5,2.74,351.54,287.15,638.69,95.53,42336178.25,MM
293,E3,E3.1.6B.22b,6,Ventral,Unheated,South Africa,97.89,-0.45,3.21,256.65,314.13,570.78,75.92,49299499.6,MM
294,E3,E3.1.6B.22b,7,Ventral,Unheated,South Africa,149.66,0,2.43,469.99,448.67,918.66,123.5,47184422.44,MM
295,E3,E3.1.6B.22b,8,Ventral,Unheated,South Africa,138.4,0.15,2.16,366.77,297.54,664.31,116.09,42416870.76,MM
296,E3,E3.1.6B.22b,9,Ventral,Unheated,South Africa,150.38,0.18,2.34,412.22,412.23,824.45,124.62,44476126.39,MM
297,E3,E3.1.6B.22a,1,Dorsal,Unheated,South Africa,95.8,-1.25,4.19,186.62,366.62,553.24,73.85,45760819.9,MM
298,E3,E3.1.6B.22a,2,Dorsal,Unheated,South Africa,88.95,-0.56,3.18,222.79,352.73,575.52,72.03,48866810.83,MM
299,E3,E3.1.6B.22a,3,Dorsal,Unheated,South Africa,69.04,-0.22,3.5,230.04,317.38,547.42,54.76,49544965.5,MM
300,E3,E3.1.6B.22a,4,Dorsal,Unheated,South Africa,115.62,0.28,2.35,343.17,232.44,575.61,96.4,48360682.18,MM
301,E3,E3.1.6B.22a,5,Dorsal,Unheated,South Africa,88.43,-0.47,3.34,291.01,313.19,604.2,69.38,48000969.09,MM
302,E3,E3.1.6B.22a,6,Ventral,Unheated,South Africa,55.79,0.53,3.11,207.65,138.13,345.78,44.72,49230331.71,MM
303,E3,E3.1.6B.22a,7,Ventral,Unheated,South Africa,64.12,0.8,3.32,235.9,157.18,393.08,51.2,48872215.44,MM
304,E3,E3.1.6B.22a,8,Ventral,Unheated,South Africa,90.08,-0.42,2.99,208.97,315.61,524.58,71.77,47407138.49,MM
305,E3,E3.1.6B.22a,9,Ventral,Unheated,South Africa,126.76,0.27,2.49,385.22,310.37,695.59,104.68,45718998.9,MM
306,E3,E3.1.6B.22a,10,Ventral,Unheated,South Africa,138.07,-0.31,2.72,311.03,430.34,741.37,111.15,47175354.78,MM
307,E3,E3.1.6B.13b,1,Dorsal,Unheated,South Africa,131.23,-0.46,3.17,340.75,453.09,793.84,104.44,49285421.8,MM
308,E3,E3.1.6B.13b,2,Dorsal,Unheated,South Africa,99.92,-0.12,2.81,419.1,314.9,734,81.46,65349924.47,MM
309,E3,E3.1.6B.13b,3,Dorsal,Unheated,South Africa,120.16,-0.08,2.51,319.93,316.34,636.27,97.28,64122220.08,MM
310,E3,E3.1.6B.13b,4,Ventral,Unheated,South Africa,134.24,-0.84,6.01,454.35,594.89,1049.24,91.82,47179105.22,MM
311,E3,E3.1.6B.13b,5,Ventral,Unheated,South Africa,140.22,-0.97,4.55,324.93,494.57,819.5,102.38,47937362.77,MM
312,E3,E3.1.6B.13b,6,Ventral,Unheated,South Africa,105.45,-0.01,3.31,371.81,295.25,667.06,80.53,45896901.47,MM
313,E3,E3.1.6B.13b,7,Ventral,Unheated,South Africa,136.26,0.21,3.05,399.09,583.85,982.94,109.79,47733199.97,MM
314,E3,E3.1.6B.13b,8,Ventral,Unheated,South Africa,157.13,0.21,3.09,495.07,383.3,878.37,125.01,49526885.25,MM
315,E3,E3.1.1B.8,1,Dorsal,Heated,South Africa,90.78,0.97,3.45,274.44,215.7,490.14,70.47,46373645.83,JM
316,E3,E3.1.1B.8,2,Dorsal,Heated,South Africa,53.88,0.43,2.89,206.57,151.29,357.86,43.42,46764470.87,JM
317,E3,E3.1.1B.8,3,Dorsal,Heated,South Africa,51.16,0.54,3.37,181.67,134.08,315.75,40.67,46593815.11,JM
318,E3,E3.1.1B.8,4,Dorsal,Heated,South Africa,52.31,0.52,2.95,213.67,117.48,331.15,43.19,46091062.49,JM
319,E3,E3.1.1B.8,5,Dorsal,Heated,South Africa,52.52,0.11,2.91,164.23,173.44,337.67,41.76,45970903.14,JM
320,E3,E3.1.1B.8,6,Ventral,Heated,South Africa,42.3,-0.42,2.91,107.31,154.95,262.26,33.97,45641693.55,JM
321,E3,E3.1.1B.8,7,Ventral,Heated,South Africa,66.45,-0.79,4.09,136.7,317.18,453.88,52.05,45843003.47,JM
322,E3,E3.1.1B.8,8,Ventral,Heated,South Africa,55.96,0.14,2.65,156.57,149.69,306.26,44.37,45310333.87,JM
323,E3,E3.1.1B.8,9,Ventral,Heated,South Africa,74.25,-0.12,2.3,198.99,211.16,410.15,62.37,45422814.33,JM
324,E3,E3.1.1B.8,10,Ventral,Heated,South Africa,54.09,-1.26,4.55,87.47,255.62,343.09,42.54,44707878.48,JM
325,E3,E3.1.6B.2,1,Dorsal,Unheated,South Africa,108.92,-0.75,3.93,332.06,407.24,739.3,81.1,47162895,MM
326,E3,E3.1.6B.2,2,Dorsal,Unheated,South Africa,100.16,-0.32,3.32,277.55,316.2,593.75,75.42,47970151.62,MM
327,E3,E3.1.6B.2,3,Dorsal,Unheated,South Africa,150.24,1.83,6.21,641.2,229.2,870.4,107.69,47412434.13,MM
328,E3,E3.1.6B.2,4,Dorsal,Unheated,South Africa,150.5,0.35,2.57,408.24,363.36,771.6,122.93,49102840.66,MM
329,E3,E3.1.6B.2,5,Dorsal,Unheated,South Africa,82.8,0.11,3.94,331.13,280.1,611.23,63.17,49638760.32,MM
330,E3,E3.1.6B.2,6,Ventral,Unheated,South Africa,92.18,0.7,3.51,303.54,227.15,530.69,70.86,48481019.12,MM
331,E3,E3.1.6B.2,7,Ventral,Unheated,South Africa,82.11,0.22,2.76,261.12,234.17,495.29,65.5,48044448.45,MM
332,E3,E3.1.6B.2,8,Ventral,Unheated,South Africa,67.86,0.73,3.53,283.28,166.3,449.58,52.71,47319102.56,MM
333,E3,E3.1.6B.2,9,Ventral,Unheated,South Africa,87.1,-0.15,2.89,257.54,301.87,559.41,69.29,46837032.76,MM
334,E3,E3.1.6B.2,10,Ventral,Unheated,South Africa,72.86,-0.7,3.63,159.98,310.39,470.37,56.95,47972423.5,MM
335,E3,E3.1.1B.10,1,Dorsal,Heated,South Africa,90.27,0.96,3.61,354.56,172.9,527.46,73.55,47560527.4,MM
336,E3,E3.1.1B.10,2,Dorsal,Heated,South Africa,40.96,1.19,4.46,164.59,123.42,288.01,30.84,48293748.05,MM
337,E3,E3.1.1B.10,3,Dorsal,Heated,South Africa,37.79,-0.16,3.39,123.57,169.21,292.78,30.22,47313582.07,MM
338,E3,E3.1.1B.10,4,Dorsal,Heated,South Africa,27.42,0.25,2.44,87.57,84.49,172.06,22.77,48114542.26,MM
339,E3,E3.1.1B.10,5,Dorsal,Heated,South Africa,46.88,0.72,3.33,169.07,112.76,281.83,36.68,45380026.58,MM
340,E3,E3.1.1B.10,6,Ventral,Heated,South Africa,42.64,-1.03,5.12,87.21,227.15,314.36,32.8,47764790.06,MM
341,E3,E3.1.1B.10,7,Ventral,Heated,South Africa,52.74,0.41,2.34,140.08,127.51,267.59,43.48,47858139.2,MM
342,E3,E3.1.1B.10,8,Ventral,Heated,South Africa,41.72,-0.35,2.67,122.16,139.82,261.98,34,47733346.13,MM
343,E3,E3.1.1B.10,9,Ventral,Heated,South Africa,50.16,-0.93,3.64,113.43,206.64,320.07,39.86,47156915.19,MM
344,E3,E3.1.1B.10,10,Ventral,Heated,South Africa,33.43,0.03,2.82,106.81,142.44,249.25,26.61,47466625.53,MM
345,E3,E3.1.1B.24,1,Dorsal,Heated,South Africa,58.56,-0.79,2.88,111.17,186.18,297.35,47.2,47740163.08,MM
346,E3,E3.1.1B.24,2,Dorsal,Heated,South Africa,66.03,0.22,2.86,200.24,169.2,369.44,50.94,50260344.22,MM
347,E3,E3.1.1B.24,3,Dorsal,Heated,South Africa,44.17,0.03,2.95,116.08,184.73,300.81,34.95,48221402.46,MM
348,E3,E3.1.1B.24,4,Dorsal,Heated,South Africa,50.04,0.32,2.53,131.3,155.7,287,39.91,48098390.41,MM
349,E3,E3.1.1B.24,5,Dorsal,Heated,South Africa,67.56,-0.51,2.65,147.98,211.47,359.45,55.96,44601973.78,MM
350,E3,E3.1.1B.24,6,Ventral,Heated,South Africa,59.87,-0.35,2.53,152.6,183.61,336.21,48.74,48117305.89,MM
351,E3,E3.1.1B.24,7,Ventral,Heated,South Africa,37.32,0.63,3,154.2,96.78,250.98,30.28,47753858.38,MM
352,E3,E3.1.1B.24,8,Ventral,Heated,South Africa,51.76,-0.33,2.77,182.62,192.68,375.3,42.38,47090403.93,MM
353,E3,E3.1.1B.24,9,Ventral,Heated,South Africa,28.86,-0.26,2.92,78.74,104.78,183.52,22.96,47952470.96,MM
354,E3,E3.1.1B.24,10,Ventral,Heated,South Africa,47.72,-0.75,3.18,91.19,182.6,273.79,38.02,47374259.01,MM
355,E3,E3.1.1B.38,1,Dorsal,Heated,South Africa,55.69,0.68,4.07,220.5,145.54,366.04,41.63,55860208.05,MM
356,E3,E3.1.1B.38,2,Dorsal,Heated,South Africa,53.48,0.66,2.79,186.88,110.55,297.43,43.55,54967034.2,MM
357,E3,E3.1.1B.38,3,Dorsal,Heated,South Africa,86.02,0.65,2.51,251.1,147.22,398.32,72.28,54993314.85,MM
358,E3,E3.1.1B.38,4,Dorsal,Heated,South Africa,61.37,0.28,3.48,235.8,189.62,425.42,47.82,51938986.93,MM
359,E3,E3.1.1B.38,5,Dorsal,Heated,South Africa,75.01,0.97,4.38,298.88,215.24,514.12,56.74,53005748.2,MM
360,E3,E3.1.1B.38,6,Ventral,Heated,South Africa,45.89,-0.08,2.36,107.71,165.21,272.92,37.84,48059888.54,MM
361,E3,E3.1.1B.38,7,Ventral,Heated,South Africa,64.94,-1.6,6.25,115.03,290.25,405.28,46.98,47133249.83,MM
362,E3,E3.1.1B.38,8,Ventral,Heated,South Africa,63.05,0.69,3.2,242.39,172.28,414.67,51.14,47621775.28,MM
363,E3,E3.1.1B.38,9,Ventral,Heated,South Africa,54.15,-1.05,4.11,89.49,236.3,325.79,42.52,47335021.4,MM
364,E3,E3.1.1B.38,10,Ventral,Heated,South Africa,48.38,0.8,3.23,193.56,119.87,313.43,39.4,47803529.34,MM
365,E3,E3.1.1B.27,1,Dorsal,Heated,South Africa,53.51,0.31,2.99,194.08,157.99,352.07,42.8,51275707.4,MM
366,E3,E3.1.1B.27,2,Dorsal,Heated,South Africa,53.04,0.32,3,198.48,157.03,355.51,42.46,51020576.28,MM
367,E3,E3.1.1B.27,3,Dorsal,Heated,South Africa,63.69,1.62,7.69,379.01,143.89,522.9,46.84,51078172.67,MM
368,E3,E3.1.1B.27,4,Dorsal,Heated,South Africa,33.33,0.41,2.61,116.21,105.86,222.07,27.36,49709859.3,MM
369,E3,E3.1.1B.27,5,Dorsal,Heated,South Africa,42.44,0.65,2.77,143.18,122.81,265.99,35.22,49711148.77,MM
370,E3,E3.1.1B.27,6,Ventral,Heated,South Africa,70.03,-1.12,4.92,140.42,292.06,432.48,52.03,47475635.19,MM
371,E3,E3.1.1B.27,7,Ventral,Heated,South Africa,61.31,-0.04,1.86,132.52,181.79,314.31,53.5,47600406.9,MM
372,E3,E3.1.1B.27,8,Ventral,Heated,South Africa,53.83,-1.86,6.8,84.71,253.65,338.36,37.54,47819125.81,MM
373,E3,E3.1.1B.27,9,Ventral,Heated,South Africa,41.86,-0.93,3.84,86.65,178.4,265.05,32.97,47475143.96,MM
374,E3,E3.1.1B.27,10,Ventral,Heated,South Africa,35.02,-0.77,3.49,82.15,162.38,244.53,27.71,47381565.18,MM
375,E3,E3.1.1B.18,1,Dorsal,Heated,South Africa,24.06,0.14,3.49,125.41,196.79,322.2,18.71,47086644.65,MM
376,E3,E3.1.1B.18,2,Dorsal,Heated,South Africa,62.78,0.45,2.14,185.47,150.23,335.7,53.28,47553556.1,MM
377,E3,E3.1.1B.18,3,Dorsal,Heated,South Africa,51.58,0.96,3.45,192.31,146.84,339.15,40.59,47551468.39,MM
378,E3,E3.1.1B.18,4,Dorsal,Heated,South Africa,30.83,0.17,2.56,91.88,100.41,192.29,25.04,47444442.26,MM
379,E3,E3.1.1B.18,5,Dorsal,Heated,South Africa,41.14,0.45,2.78,134.03,153.4,287.43,33.23,47319056.52,MM
380,E3,E3.1.1B.18,6,Ventral,Heated,South Africa,35.97,0,2.35,99.36,104.63,203.99,30.12,48858284.12,MM
381,E3,E3.1.1B.18,7,Ventral,Heated,South Africa,28.43,-0.44,3.35,84.34,108.25,192.59,22.13,48521242.77,MM
382,E3,E3.1.1B.18,8,Ventral,Heated,South Africa,36.72,-0.84,3.47,156.42,149.81,306.23,28.77,48036834.11,MM
383,E3,E3.1.1B.18,9,Ventral,Heated,South Africa,35.69,-0.02,2.93,126.41,131.58,257.99,28.93,47349119.95,MM
384,E3,E3.1.1B.18,10,Ventral,Heated,South Africa,55.94,-0.25,3.21,241.23,170.38,411.6,43.79,47709433.05,
385,E3,E3.1.1B.33,1,Dorsal,Heated,South Africa,44.68,1.41,4.79,171.63,94.58,266.21,33.57,48858161.31,MM
386,E3,E3.1.1B.33,2,Dorsal,Heated,South Africa,28.97,0.15,2.64,86.68,94.48,181.16,23.66,48658785.61,MM
387,E3,E3.1.1B.33,3,Dorsal,Heated,South Africa,36.55,-0.35,2.87,118.19,137.6,255.79,29.41,48630478.8,MM
388,E3,E3.1.1B.33,4,Dorsal,Heated,South Africa,42.39,1.08,5.25,254.64,96.23,350.87,32.13,63610980.92,MM
389,E3,E3.1.1B.33,5,Dorsal,Heated,South Africa,59.7,0.9,3.15,237.32,110.47,347.79,48.82,65612904.56,MM
390,E3,E3.1.1B.33,6,Ventral,Heated,South Africa,50.85,0.4,2.44,145.53,125.81,271.34,42.02,45390360.5,MM
391,E3,E3.1.1B.33,7,Ventral,Heated,South Africa,60.18,-0.28,2.31,137.62,177.09,314.71,50.07,43933074.39,MM
392,E3,E3.1.1B.33,8,Ventral,Heated,South Africa,39.17,0.44,3.92,148.36,103.63,251.99,29.6,47617677.28,MM
393,E3,E3.1.1B.33,9,Ventral,Heated,South Africa,29.81,0.31,3,101.17,108.13,209.3,23.32,46978502.7,MM
394,E3,E3.1.1B.33,10,Ventral,Heated,South Africa,42.51,0.18,2.72,129.14,139.71,268.85,34.53,46988082.03,MM
395,E3,E3.1.1B.25b,1,Dorsal,Heated,South Africa,46.39,0.66,3.27,159.62,140.87,300.49,35.8,46832121.2,JM
396,E3,E3.1.1B.25b,2,Dorsal,Heated,South Africa,62.66,-0.88,3.43,144.55,197.79,342.34,48.42,46896016.83,JM
397,E3,E3.1.1B.25b,3,Dorsal,Heated,South Africa,78.9,0.44,4.33,282.5,252.8,535.3,55.06,41247704.15,JM
398,E3,E3.1.1B.25b,4,Dorsal,Heated,South Africa,64.88,-0.05,2.67,167.58,252.44,420.02,54.64,46631525.76,JM
399,E3,E3.1.1B.25b,5,Ventral ,Heated,South Africa,32.12,-0.85,3.34,77.98,212.07,290.05,26.04,46261422.59,JM
400,E3,E3.1.1B.25b,6,Ventral ,Heated,South Africa,76.66,0.45,2.99,228.24,194.01,422.25,59.16,42612858.97,JM
401,E3,E3.1.1B.25b,7,Ventral ,Heated,South Africa,66.32,-1.14,4.74,179.81,289.19,469,50.36,46278440.94,JM
402,E3,E3.1.1B.25b,8,Ventral ,Heated,South Africa,23.4,-0.4,3.21,67,112.98,179.98,18.78,46942648.36,JM
403,E3,E3.1.1B.25a,1,Dorsal,Heated,South Africa,39.94,0.84,3.49,155.3,202.05,357.35,32.02,46426463.27,JM
404,E3,E3.1.1B.25a,2,Dorsal,Heated,South Africa,68.61,0.08,2.44,227.01,172.81,399.82,56.16,45831578.15,JM
405,E3,E3.1.1B.25a,3,Dorsal,Heated,South Africa,53.53,0.02,2.95,150.01,178.7,328.71,41.84,45935976.29,JM
406,E3,E3.1.1B.25a,4,Dorsal,Heated,South Africa,34.76,0.58,3.1,131,136.62,267.62,28.65,44630324.12,JM
407,E3,E3.1.1B.25a,5,Dorsal,Heated,South Africa,32.22,-1.15,6.6,90.35,211.07,301.42,23.14,45858598.85,JM
408,E3,E3.1.1B.25a,6,Ventral ,Heated,South Africa,55.96,-0.92,3.47,108.21,220.14,328.35,45.46,45506777.14,JM
409,E3,E3.1.1B.25a,7,Ventral ,Heated,South Africa,36.38,-0.26,2.55,93.18,135.7,228.88,30.23,45126706.53,JM
410,E3,E3.1.1B.25a,8,Ventral ,Heated,South Africa,44.75,-0.38,2.05,106.42,159.36,265.78,38.64,45927378.79,JM
411,E3,E3.1.1B.25a,9,Ventral ,Heated,South Africa,54.7,0.46,3.02,180.05,157.08,337.13,43.52,44735397.77,JM
412,E3,E3.1.1B.25a,10,Ventral ,Heated,South Africa,34.83,0,2.84,104.39,136.1,240.49,27.63,45581698.16,JM
413,E3,E3.1.1B.30,1,Dorsal,Heated,South Africa,37.08,-0.32,2.98,121.28,157.18,278.46,29.49,49752578.1,MM
414,E3,E3.1.1B.30,2,Dorsal,Heated,South Africa,34.2,0,2.8,135.7,116.52,252.22,27.5,51193653.05,MM
415,E3,E3.1.1B.30,3,Dorsal,Heated,South Africa,32.71,-0.37,2.73,186.61,114.42,301.03,26.55,50232035.8,MM
416,E3,E3.1.1B.30,4,Dorsal,Heated,South Africa,39.75,0.51,4.13,139.53,151.46,290.99,29.14,50929546.04,MM
417,E3,E3.1.1B.30,5,Dorsal,Heated,South Africa,50.23,-0.09,3.72,252.79,200.11,452.9,37.61,72366364.76,MM
418,E3,E3.1.1B.30,6,Ventral,Heated,South Africa,43.29,-1.51,9.28,120.9,318.36,439.26,30.73,47399440.52,MM
419,E3,E3.1.1B.30,7,Ventral,Heated,South Africa,51.62,0,3.81,244.31,161.36,405.67,40.24,48289336.2,MM
420,E3,E3.1.1B.30,8,Ventral,Heated,South Africa,28.14,0.16,2.91,160.11,104.08,264.19,22.65,48124525.34,MM
421,E3,E3.1.1B.30,9,Ventral,Heated,South Africa,36.55,-0.37,2.83,138.5,123.82,262.32,29.53,47414438.61,MM
422,E3,E3.1.1B.30,10,Ventral,Heated,South Africa,44.23,-0.96,3.24,83.84,166.99,250.83,36.11,47686155.47,MM
423,E3,E3.1.1B.14,1,Dorsal,Heated,South Africa,61.02,0.82,2.81,215.69,123.56,339.25,50.39,48345030.48,MM
424,E3,E3.1.1B.14,2,Dorsal,Heated,South Africa,49.88,0.12,2.62,163.02,143.19,306.21,40.39,45352890.55,MM
425,E3,E3.1.1B.14,3,Dorsal,Heated,South Africa,56.82,-0.33,3.96,181.24,223.75,404.99,43.01,42493323.89,MM
426,E3,E3.1.1B.14,4,Ventral,Heated,South Africa,47.61,-0.77,3.18,112.32,201.91,314.23,38.17,48618343.87,MM
427,E3,E3.1.1B.14,5,Ventral,Heated,South Africa,60.73,-0.26,2.7,154.46,193.48,347.94,48.93,44426965.46,MM
428,E3,E3.1.1B.14,6,Ventral,Heated,South Africa,61.79,-0.79,3.08,153.13,207.87,361,50.14,48774742.25,MM
429,E3,E3.1.1B.2,1,Dorsal,Heated,South Africa,82.83,0.47,2.72,265.59,228.92,494.51,67.42,46255280.21,MM
430,E3,E3.1.1B.2,2,Dorsal,Heated,South Africa,58.57,-0.99,3.61,135.2,201.28,336.48,46.4,44311332.61,MM
431,E3,E3.1.1B.2,3,Dorsal,Heated,South Africa,28.21,0,2.58,101.99,91.42,193.41,23.17,45429397.24,MM
432,E3,E3.1.1B.2,4,Dorsal,Heated,South Africa,44.52,-0.6,3.41,108.55,163.16,271.71,34.7,39438322.17,MM
433,E3,E3.1.1B.2,5,Ventral,Heated,South Africa,50.6,-1.53,5.53,90.78,266.08,356.86,37.43,45376401.7,MM
434,E3,E3.1.1B.2,6,Ventral,Heated,South Africa,52.68,-0.8,3.46,110.02,207.38,317.4,41.91,47494626.64,MM
435,E3,E3.1.1B.2,7,Ventral,Heated,South Africa,66.04,-0.44,2.39,156.89,171.92,328.81,54.74,43155133.29,MM
436,E3,E3.1.1B.2,8,Ventral,Heated,South Africa,74.76,-0.32,2.75,194.02,228.97,422.99,60.36,47835321.02,MM
437,E3,E3.1.1B.2,9,Ventral,Heated,South Africa,59,-0.67,2.74,120.62,205.27,325.89,48.07,44952253.17,MM
438,E3,E3.1.1B.28,1,Dorsal,Heated,South Africa,67.46,-0.17,3.24,179.31,293.35,472.66,52.82,39815247.57,MM
439,E3,E3.1.1B.28,2,Dorsal,Heated,South Africa,68.04,-0.99,3.72,120.1,248.86,368.96,53.62,45462250.79,MM
440,E3,E3.1.1B.28,3,Dorsal,Heated,South Africa,65.68,-0.56,3.82,164.14,323.15,487.29,51.76,45951308.12,MM
441,D9,D9.1.12B.47,1,Dorsal,Heated,South Africa,77.21,-0.27,3.01,238.52,238.88,477.4,61.21,52666380.26,MM
442,D9,D9.1.12B.47,2,Dorsal,Heated,South Africa,76.26,-0.3,3.53,202.16,246.89,449.05,56.67,48530622.74,MM
443,D9,D9.1.12B.47,3,Dorsal,Heated,South Africa,67.25,0.24,2.86,207.87,185.56,393.43,55.34,48322683.39,MM
444,D9,D9.1.12B.47,4,Dorsal,Heated,South Africa,49.3,0.42,2.99,365.64,219.73,585.37,40.19,46260792.26,MM
445,D9,D9.1.12B.47,5,Ventral,Heated,South Africa,58.81,-0.12,3.38,274.08,164.23,438.31,46.42,45596872.52,MM
446,D9,D9.1.12B.47,6,Ventral,Heated,South Africa,46.92,0.02,2.69,175.08,182.42,357.5,38.14,48548309.25,MM
447,D9,D9.1.12B.47,7,Ventral,Heated,South Africa,71.96,-0.65,3.14,200.08,287.36,487.44,56.89,45786572.65,MM
448,D9,D9.1.12B.47,8,Ventral,Heated,South Africa,83.33,-0.13,2.84,266.55,292.88,559.43,67.08,44536848.61,MM
449,D9,D9.1.12B.47,9,Ventral,Heated,South Africa,59.76,-1.09,4.15,141.86,241.77,383.63,45.4,39367228.47,MM
450,D9,D9.1.12B.37,1,Dorsal,Heated,South Africa,75.31,0.46,2.56,247.55,305.59,553.14,62.44,46344864.6,
451,D9,D9.1.12B.37,2,Dorsal,Heated,South Africa,71.23,0.47,2.89,271.26,319.56,590.82,58.88,48000825.72,MM
452,D9,D9.1.12B.37,3,Dorsal,Heated,South Africa,68.25,0.62,3.91,258.29,297.12,555.41,52.21,47745977.95,MM
453,D9,D9.1.12B.37,4,Dorsal,Heated,South Africa,151.98,-0.32,3.25,439.11,593.17,1032.28,117.73,49865862.5,MM
454,D9,D9.1.12B.37,5,Ventral,Heated,South Africa,51.52,-0.62,4.23,148.46,242.17,390.63,37.99,48041115.99,MM
455,D9,D9.1.12B.37,6,Ventral,Heated,South Africa,59.72,0.12,3.36,200.85,338.27,539.12,47.42,45950217.11,MM
456,D9,D9.1.12B.37,7,Ventral,Heated,South Africa,82.72,-0.41,2.93,197.75,285.18,482.93,65.25,46271700.19,MM
457,D9,D9.1.12B.37,8,Ventral,Heated,South Africa,68.93,0.25,2.58,194.31,273.15,467.46,55.74,46921728.52,MM
458,D9,D9.1.12B.37,9,Ventral,Heated,South Africa,86.89,-0.59,3.04,177.77,378.74,556.51,70.54,46630090.86,MM
459,D9,D9.1.12B.41,1,Dorsal,Heated,South Africa,64.85,-0.25,3.85,227.16,310.31,537.47,48.16,48564331.99,MM
460,D9,D9.1.12B.41,2,Dorsal,Heated,South Africa,63.28,-0.42,3.03,133.98,249.75,383.73,50,46730619.57,MM
461,D9,D9.1.12B.41,3,Dorsal,Heated,South Africa,56.37,-0.46,2.55,147.84,174.57,322.41,46.49,49229221.62,MM
462,D9,D9.1.12B.41,4,Dorsal,Heated,South Africa,93.77,0.49,2.5,301.36,246.45,547.81,78.02,48366959.19,MM
463,D9,D9.1.12B.41,5,Ventral,Heated,South Africa,86.21,0.36,3.22,251.79,335.1,586.89,64.79,46217290.63,MM
464,D9,D9.1.12B.41,6,Ventral,Heated,South Africa,62.48,0.41,3.83,193.74,297.14,490.88,46.38,46813032.23,MM
465,D9,D9.1.12B.41,7,Ventral,Heated,South Africa,76.11,-0.59,3.31,161.64,327.16,488.8,59.89,46914052.22,MM
466,D9,D9.1.12B.41,8,Ventral,Heated,South Africa,93.73,-0.74,3.02,196.49,327.24,523.73,77.84,47021336.07,MM
467,D9,D9.1.12B.41,9,Ventral,Heated,South Africa,87.52,-0.72,3.37,220.8,349.85,570.65,67.55,47347977.61,MM
468,D9,D9.1.12B.32,1,Dorsal,Heated,South Africa,67.53,1.09,4.54,310.22,197.05,507.27,53.66,47294366.39,MM
469,D9,D9.1.12B.32,2,Dorsal,Heated,South Africa,71.4,0.08,3.8,211.1,298.07,509.17,52.15,45782505.51,MM
470,D9,D9.1.12B.32,3,Dorsal,Heated,South Africa,81.41,0.74,2.96,281.56,231.26,512.82,66.26,41153502.48,MM
471,D9,D9.1.12B.32,4,Ventral,Heated,South Africa,104.36,-0.66,3.43,237.89,318.85,556.74,79.86,47808263.75,MM
472,D9,D9.1.12B.32,5,Ventral,Heated,South Africa,99.67,-0.48,2.32,195.87,281.26,477.13,82.47,44123387.82,MM
473,D9,D9.1.12B.32,6,Ventral,Heated,South Africa,75.9,0.15,2.61,200.82,227.97,428.79,62.02,42820585.67,MM
474,D9,D9.1.12B.32,7,Ventral,Heated,South Africa,39.45,0.09,3.07,209.26,219.83,429.09,31.07,47180597.44,MM
475,D9,D9.1.12B.25,1,Dorsal,Heated,South Africa,68.23,0.14,3.94,240.35,393.27,633.62,50.34,47399865.85,MM
476,D9,D9.1.12B.25,2,Dorsal,Heated,South Africa,58.44,-0.89,4.26,140.74,212.81,353.55,42.45,32247012.32,MM
477,D9,D9.1.12B.25,3,Dorsal,Heated,South Africa,38.85,0.11,2.94,145.35,173.87,319.22,31.1,47545890.52,MM
478,D9,D9.1.12B.25,4,Dorsal,Heated,South Africa,50.91,-0.23,3.24,141.48,193.31,334.79,39.79,48629039.87,MM
479,D9,D9.1.12B.25,5,Dorsal,Heated,South Africa,50.44,0.24,3.4,239.66,184.19,423.85,39.55,49840406.01,MM
480,D9,D9.1.12B.25,6,Ventral,Heated,South Africa,71.03,0.42,2.82,216.92,227.48,444.4,55.51,45389601.08,MM
481,D9,D9.1.12B.25,7,Ventral,Heated,South Africa,42.82,-0.97,4.75,155.12,298.54,453.66,32.93,47867967.64,MM
482,D9,D9.1.12B.25,8,Ventral,Heated,South Africa,65.16,0.1,2.65,178.6,225.4,404,53.83,45074278.67,MM
483,D9,D9.1.12B.25,9,Ventral,Heated,South Africa,66.82,0.91,3.91,199.64,506.86,706.5,50.06,42145618.2,MM
484,D9,D9.1.12B.25,10,Ventral,Heated,South Africa,65.04,0.24,3.87,215.79,176.83,392.62,48.44,42842213.6,MM
485,D9,D9.1.12B.14,1,Dorsal,Heated,South Africa,79.67,-0.24,2.87,225.3,344.55,569.85,63.11,49666871.22,MM
486,D9,D9.1.12B.14,2,Dorsal,Heated,South Africa,100.78,0.28,2.52,342.83,310.39,653.22,80.82,51661047.49,MM
487,D9,D9.1.12B.14,3,Ventral,Heated,South Africa,41.21,-0.42,4.32,164.8,196.74,361.54,30.95,48565802.82,MM
488,D9,D9.1.12B.14,4,Ventral,Heated,South Africa,47.46,-1.15,4.32,120.74,177.96,298.7,36.23,48418542.91,MM
489,D9,D9.1.12B.14,5,Ventral,Heated,South Africa,50.74,-0.65,3.41,112.61,228.76,341.37,40.09,48399076.11,MM
490,D9,D9.1.12B.27a,1,Dorsal,Heated,South Africa,67.41,0.04,3,233.34,246.08,479.42,53.94,47904607.05,MM
491,D9,D9.1.12B.27a,2,Dorsal,Heated,South Africa,73.56,0.14,6.15,342.88,478.59,821.47,55.59,52448785.07,MM
492,D9,D9.1.12B.27a,3,Dorsal,Heated,South Africa,51.44,-0.43,3.36,150.93,236.56,387.49,40.45,53020384.42,MM
493,D9,D9.1.12B.27a,4,Ventral,Heated,South Africa,62.86,0.02,3.16,197.14,249.76,446.9,49.46,105268554.1,MM
494,D9,D9.1.12B.27a,5,Ventral,Heated,South Africa,82.9,-0.07,2.33,200.72,242.4,443.12,68.56,108697580,MM
495,D9,D9.1.12B.27a,6,Ventral,Heated,South Africa,81.18,-0.13,3.42,257.49,329.11,586.6,64.61,108730748.1,MM
496,D9,D9.1.12B.27a,7,Ventral,Heated,South Africa,79.33,0.53,3.56,314.57,373,687.57,61.87,52815242.66,MM
497,D9,D9.1.12B.45,1,Dorsal,Heated,South Africa,85.72,-0.25,2.77,221.85,354.52,576.37,66.78,32237665.49,JM
498,D9,D9.1.12B.45,2,Dorsal,Heated,South Africa,119.65,-0.93,3.07,166.9,440.65,607.55,98.2,45828262.19,JM
499,D9,D9.1.12B.45,3,Dorsal,Heated,South Africa,117.7,0.79,3,439.54,248.93,688.47,97.08,46304260.09,JM
500,D9,D9.1.12B.45,4,Dorsal,Heated,South Africa,84.89,-0.17,2.24,219.14,246.04,465.18,71.36,47384973.68,JM
501,D9,D9.1.12B.45,5,Dorsal,Heated,South Africa,94.68,1.27,4.25,413.06,215.96,629.02,74.03,46550641.67,JM
502,D9,D9.1.12B.45,6,Ventral,Heated,South Africa,132.2,-0.38,3.72,397.79,463.35,861.14,98.34,45567737.41,JM
503,D9,D9.1.12B.45,7,Ventral,Heated,South Africa,76.98,-0.79,2.99,129.94,263,392.94,61.72,45996270.66,JM
504,D9,D9.1.12B.45,8,Ventral,Heated,South Africa,100.71,-0.55,3.04,228,358.13,586.13,78.04,46326728.87,JM
505,D9,D9.1.12B.45,9,Ventral,Heated,South Africa,100.71,-0.4,2.18,171.82,280.62,452.44,85.98,45128825.52,JM
506,D9,D9.1.12B.22,1,Dorsal,Heated,South Africa,115.68,-0.91,4,292.03,485.49,777.52,88.89,43942221.99,JM
507,D9,D9.1.12B.22,2,Dorsal,Heated,South Africa,69.35,0.6,3.19,260.02,164.23,424.25,56.22,45935472.73,JM
508,D9,D9.1.12B.22,3,Dorsal,Heated,South Africa,108.93,0.39,2.42,256.42,282.85,539.27,87.97,45968205.35,JM
509,D9,D9.1.12B.22,4,Dorsal,Heated,South Africa,61.49,-0.08,2.96,172.41,197.68,370.09,47.87,46413074.21,JM
510,D9,D9.1.12B.22,5,Ventral,Heated,South Africa,76.45,-0.65,2.73,155.74,258.61,414.35,62.68,45158180.48,JM
511,D9,D9.1.12B.22,6,Ventral,Heated,South Africa,59.96,-0.25,2.95,156.9,280.44,437.34,47.51,44223059.27,JM
512,D9,D9.1.12B.22,7,Ventral,Heated,South Africa,50.9,0.08,3.12,233.87,227.58,461.45,39.3,45728759.79,JM
513,D9,D9.1.12B.22,8,Ventral,Heated,South Africa,51.44,-1.1,3.37,95.46,184.66,280.12,40.57,45698852.12,JM
514,D9,D9.1.12B.20,1,Dorsal,Heated,South Africa,61.07,-0.38,2.59,149.69,249.46,399.15,50.76,45802412.05,JM
515,D9,D9.1.12B.20,2,Dorsal,Heated,South Africa,64.79,0.53,4.38,250.58,288.36,538.94,48.47,46594072.02,JM
516,D9,D9.1.12B.20,3,Dorsal,Heated,South Africa,115.47,-0.58,3.35,248.68,458.27,706.95,88.39,45868926.22,JM
517,D9,D9.1.12B.20,4,Dorsal,Heated,South Africa,42.65,-0.09,2.56,125.77,184.05,309.82,35.48,46339623.05,JM
518,D9,D9.1.12B.20,5,Dorsal,Heated,South Africa,47.28,-0.69,5.05,156.22,361.17,517.39,36.35,46331086.14,JM
519,D9,D9.1.12B.20,6,Ventral,Heated,South Africa,41.96,0.15,2.61,118.15,166.06,284.21,34.15,46000419.16,JM
520,D9,D9.1.12B.20,7,Ventral,Heated,South Africa,55.72,0.75,3.77,221.95,197.06,419.01,42.98,46088859.07,JM
521,D9,D9.1.12B.20,8,Ventral,Heated,South Africa,84.34,-0.9,4.31,307.76,375.99,683.75,65.44,45877585.97,JM
522,D9,D9.1.12B.20,9,Ventral,Heated,South Africa,80.03,-1.59,6.48,138.9,484.52,623.42,59.79,44431839.2,JM
523,D9,D9.1.12B.29,1,Dorsal,Heated,South Africa,61.99,-0.75,3,191.66,238.13,429.79,50.1,43084911.75,JM
524,D9,D9.1.12B.29,2,Dorsal,Heated,South Africa,85.48,0.15,3.03,304.59,245.48,550.07,68.54,41362237.54,JM
525,D9,D9.1.12B.29,3,Dorsal,Heated,South Africa,62.69,-0.2,4.76,205.44,432.46,637.9,49.42,33017072.78,JM
526,D9,D9.1.12B.29,4,Dorsal,Heated,South Africa,64.56,0.38,2.85,189.49,169.24,358.73,52.23,46625087.4,JM
527,D9,D9.1.12B.29,5,Dorsal,Heated,South Africa,92.13,-1.21,6.38,236.24,537.45,773.69,65.2,45872795.47,JM
528,D9,D9.1.12B.29,6,Ventral,Heated,South Africa,55.71,-0.12,2.73,180.87,223.45,404.32,44.78,45976528.11,JM
529,D9,D9.1.12B.29,7,Ventral,Heated,South Africa,80.78,-0.7,3.63,198.46,357.79,556.25,63.35,45466770.33,JM
530,D9,D9.1.12B.29,8,Ventral,Heated,South Africa,71.67,-0.82,3.87,174.43,264.64,439.07,54.63,45762675.51,JM
531,D9,D9.1.12B.29,9,Ventral,Heated,South Africa,51.12,-0.53,3.18,117.18,247.79,364.97,41.1,46219615.01,JM
532,D9,D9.1.12B.29,10,Ventral,Heated,South Africa,69.16,-0.63,2.66,139.59,271.63,411.22,57.99,46092052.73,JM
533,D9,D9.1.12B.19,1,Dorsal,Heated,South Africa,69.78,0.49,3.29,225.63,313.11,538.74,55.17,46255346.5,JM
534,D9,D9.1.12B.19,2,Dorsal,Heated,South Africa,77.5,-0.62,3.61,211.99,277.7,489.69,56.61,46575843.48,JM
535,D9,D9.1.12B.19,3,Dorsal,Heated,South Africa,77.59,-0.72,5.14,204.56,407.45,612.01,58.28,46648061.23,JM
536,D9,D9.1.12B.19,4,Dorsal,Heated,South Africa,84.16,-1.67,6.26,176.93,387.65,564.58,59.26,45550609.34,JM
537,D9,D9.1.12B.19,5,Dorsal,Heated,South Africa,63.43,-0.68,3.76,167.35,301.75,469.1,50.86,45850963.95,JM
538,D9,D9.1.12B.19,6,Ventral,Heated,South Africa,77.01,-0.31,2.6,378.62,236.78,615.4,63.31,38402525.85,JM
539,D9,D9.1.12B.19,7,Ventral,Heated,South Africa,77.57,0.16,2.33,187.2,271.28,458.48,64.92,44960585.4,JM
540,D9,D9.1.12B.19,8,Ventral,Heated,South Africa,59.33,-0.4,2.67,153.52,272.26,425.78,49.4,46255776.37,JM
541,D9,D9.1.12B.19,9,Ventral,Heated,South Africa,55.33,-1.03,3.83,130.88,205.39,336.27,43.16,46454866.46,JM
542,D9,D9.1.12B.19,10,Ventral,Heated,South Africa,70.26,0.27,2.33,180.25,236.81,417.06,58.15,45701922.72,JM
543,D9,D9.1.12B.8,1,Dorsal,Heated,South Africa,38.75,0.31,3.16,122.87,126.47,249.34,31.05,45945166.35,JM
544,D9,D9.1.12B.8,2,Dorsal,Heated,South Africa,31.35,-0.39,2.58,82.02,106.07,188.09,26.05,45855446.85,JM
545,D9,D9.1.12B.8,3,Dorsal,Heated,South Africa,41.88,-1.65,8.85,152.39,263.52,415.91,29.4,45265791.37,JM
546,D9,D9.1.12B.8,4,Ventral,Heated,South Africa,55.57,0.66,3.64,232.53,188.82,421.35,43.78,45040847.82,JM
547,D9,D9.1.12B.8,5,Ventral,Heated,South Africa,74.96,-0.96,4.6,181.78,386.22,568,57.88,45414525.55,JM
548,D9,D9.1.12B.8,6,Ventral,Heated,South Africa,49.84,0.87,4.73,227.78,235.57,463.35,37.6,45803862.74,JM
549,D9,D9.1.12B.8,7,Ventral,Heated,South Africa,48.39,0.76,6.19,231.34,151.55,382.89,34.18,43891504.77,JM
550,D9,D9.1.12B.8,8,Ventral,Heated,South Africa,78.82,1.14,4.63,354.05,233.23,587.28,58.56,46001233.37,JM
551,D9,D9.1.12B.18,1,Dorsal,Heated,South Africa,70.87,0.6,3.32,232.78,235.67,468.45,55.51,45541061.02,JM
552,D9,D9.1.12B.18,2,Dorsal,Heated,South Africa,50.38,0.76,3.48,182.37,178.08,360.45,39.69,46408258.28,JM
553,D9,D9.1.12B.18,3,Dorsal,Heated,South Africa,70.34,-0.47,2.55,175.3,215.07,390.37,58.12,45717264.2,JM
554,D9,D9.1.12B.18,4,Dorsal,Heated,South Africa,47.02,0.52,3.64,206.33,208.53,414.86,36.52,45697181.09,JM
555,D9,D9.1.12B.18,5,Dorsal,Heated,South Africa,38.6,-0.59,3.46,102.72,198.11,300.83,29.35,45846729.63,JM
556,D9,D9.1.12B.18,6,Ventral,Heated,South Africa,65.94,-1.21,4.43,147.84,301.25,449.09,49.94,45533813.9,JM
557,D9,D9.1.12B.18,7,Ventral,Heated,South Africa,53.79,-0.32,3.21,141.53,295.35,436.88,43.85,45770389.25,JM
558,D9,D9.1.12B.18,8,Ventral,Heated,South Africa,51.11,-0.32,2.89,123.74,199.37,323.11,40.99,45984179.17,JM
559,D9,D9.1.12B.18,9,Ventral,Heated,South Africa,71.83,0.37,3.17,255.96,264.95,520.91,57.35,45854836.57,JM
560,D9,D9.1.12B.18,10,Ventral,Heated,South Africa,47.05,-0.04,2.67,137.92,209.9,347.82,38.67,45695461.44,JM
561,D9,D9.1.12B.9,1,Dorsal,Heated,South Africa,69.82,-0.29,3.07,188.67,247.29,435.96,56.38,45862329.35,JM
562,D9,D9.1.12B.9,2,Dorsal,Heated,South Africa,62.34,-0.74,3.31,189.05,269.93,458.98,49.37,46023055.65,JM
563,D9,D9.1.12B.9,3,Dorsal,Heated,South Africa,56.83,-0.02,2.33,146.91,145.86,292.77,46.75,45840342.34,JM
564,D9,D9.1.12B.9,4,Dorsal,Heated,South Africa,63.38,0.16,3.03,207.71,191.58,399.29,51.3,45579077.67,JM
565,D9,D9.1.12B.9,5,Ventral,Heated,South Africa,57.63,-0.54,3.36,169.53,217.38,386.91,45.18,46556517.08,JM
566,D9,D9.1.12B.9,6,Ventral,Heated,South Africa,56.44,-0.24,3.4,221.33,263.73,485.06,44.58,45548492.38,JM
567,D9,D9.1.12B.9,7,Ventral,Heated,South Africa,40.81,-0.94,3.79,96.79,176.13,272.92,32.45,46040620.69,JM
568,D9,D9.1.12B.9,8,Ventral,Heated,South Africa,67.19,1.11,3.73,206.32,172.61,378.93,51.82,45607943.3,JM
569,D9,D9.1.12B.27b,1,Dorsal,Heated,South Africa,77.21,-0.31,4.83,344.1,316.35,660.45,54.71,105562920.7,MM
570,D9,D9.1.12B.27b,2,Dorsal,Heated,South Africa,72.38,0.07,3.92,304.68,300.66,605.34,53.95,44843963.86,MM
571,D9,D9.1.12B.27b,3,Dorsal,Heated,South Africa,59.76,-0.14,2.31,252.33,165.6,417.93,49.12,56227742.46,MM
572,D9,D9.1.12B.27b,4,Ventral,Heated,South Africa,92.15,-0.64,3.92,341.99,314.22,656.21,70.45,97052651.26,MM
573,D9,D9.1.12B.27b,5,Ventral,Heated,South Africa,85.41,-0.59,3.02,199.64,313.48,513.12,69.55,109829002.4,MM
574,D9,D9.1.12B.27b,6,Ventral,Heated,South Africa,80.88,0.48,2.3,229.07,346.08,575.15,68.62,108159085.3,MM
575,D9,D9.1.12B.27b,7,Ventral,Heated,South Africa,83.49,0.24,2.27,250.4,240.68,491.08,70.29,95045987.14,MM
576,D9,D9.1.12B.27b,8,Ventral,Heated,South Africa,76.58,-0.47,2.69,206.32,320.41,526.73,63.95,103254213.4,MM
577,D9,D9.1.10A.28,1,Dorsal,Unheated,South Africa,113.17,0.28,3.26,401.48,453.75,855.23,89.1,47779228.14,MM
578,D9,D9.1.10A.28,2,Dorsal,Unheated,South Africa,174.82,0.46,3.06,690.52,605.47,1295.99,143.45,70202506.6,MM
579,D9,D9.1.10A.28,3,Dorsal,Unheated,South Africa,155.13,0.49,2.5,644.42,343.05,987.47,127.88,74441344.11,MM
580,D9,D9.1.10A.28,4,Ventral,Unheated,South Africa,53.43,0.05,2.62,208.33,195.18,403.51,43.77,47188235.19,MM
581,D9,D9.1.10A.28,5,Ventral,Unheated,South Africa,54.25,0.24,2.91,174.07,192.78,366.85,43.28,47375242.73,MM
582,D9,D9.1.10A.28,6,Ventral,Unheated,South Africa,72.79,-0.2,3.89,234.37,350.35,584.72,55.91,46753910.96,MM
583,D9,D9.1.10A.28,7,Ventral,Unheated,South Africa,84.37,-0.44,2.54,251.28,243.63,494.91,69.3,43438507.35,MM
584,D9,D9.1.10A.28,8,Ventral,Unheated,South Africa,77.2,-0.05,2.52,202.1,348.27,550.37,62.95,42297263.56,
585,D9,D9.1.10A.6b,1,Dorsal,Unheated,South Africa,143,0.26,2.45,413.03,461.4,874.43,119.67,48308538.91,MM
586,D9,D9.1.10A.6b,2,Dorsal,Unheated,South Africa,179.67,1.2,4.42,724.66,1013.57,1738.23,135.85,46082063.3,MM
587,D9,D9.1.10A.6b,3,Dorsal,Unheated,South Africa,155.59,-0.17,2.15,328.06,480.9,808.96,130.48,25185853.86,MM
588,D9,D9.1.10A.6b,4,Ventral,Unheated,South Africa,81.66,0.1,3.03,231.8,420.85,652.65,63.74,45492709.33,MM
589,D9,D9.1.10A.6b,5,Ventral,Unheated,South Africa,99.38,-0.41,3.68,285.68,484.27,769.95,75.16,46917390.86,MM
590,D9,D9.1.10A.6b,6,Ventral,Unheated,South Africa,93.6,-0.27,2.41,235.1,380.06,615.16,77.91,42323058.55,MM
591,D9,D9.1.10A.6a,1,Dorsal,Unheated,South Africa,100.56,0.34,2.33,274.53,259.69,534.22,84.57,43135354.88,MM
592,D9,D9.1.10A.6a,2,Dorsal,Unheated,South Africa,104.77,0.2,3,322.93,330.26,653.19,81.44,44048251.64,MM
593,D9,D9.1.10A.6a,3,Dorsal,Unheated,South Africa,69.38,0.04,2.75,219.23,200.79,420.02,55.62,47393615.4,MM
594,D9,D9.1.10A.6a,4,Dorsal,Unheated,South Africa,76.5,-0.07,2.82,228.71,485.85,714.56,62.13,40887813.36,MM
595,D9,D9.1.10A.6a,5,Ventral,Unheated,South Africa,87.97,-0.75,3.43,215.7,412.69,628.39,69.75,39587377.66,MM
596,D9,D9.1.10A.6a,6,Ventral,Unheated,South Africa,85.25,0.05,2.73,297.56,248.1,545.66,68.87,46693404.42,MM
597,D9,D9.1.10A.6a,7,Ventral,Unheated,South Africa,121.17,-0.52,3.08,265.94,485.2,751.13,98.87,43531000.8,MM
598,D9,D9.1.10A.7,1,Dorsal ,Unheated,South Africa,95.87,0.16,2.27,249.36,450.37,699.73,83.17,28582782.13,MM
599,D9,D9.1.10A.7,2,Dorsal ,Unheated,South Africa,119.89,0.39,3.82,453.9,1108.43,1562.33,94.16,62363678.65,MM
600,D9,D9.1.10A.7,3,Dorsal ,Unheated,South Africa,87.73,0.29,3.49,294.59,485.31,779.9,66.37,47394774.6,MM
601,D9,D9.1.10A.7,4,Dorsal ,Unheated,South Africa,109.78,-0.57,2.91,246.1,399.1,645.2,87.92,43725531.84,MM
602,D9,D9.1.10A.7,5,Ventral,Unheated,South Africa,115.49,-0.55,2.44,220.16,396,616.16,96.44,45140921.73,MM
603,D9,D9.1.10A.7,6,Ventral,Unheated,South Africa,89.05,-0.48,3.25,229.41,435.96,665.37,71.42,48992300.22,MM
604,D9,D9.1.10A.7,7,Ventral,Unheated,South Africa,107.11,-0.35,3.84,335.23,638.87,974.1,83.51,37370002.01,MM
605,D9,D9.1.10A.7,8,Ventral,Unheated,South Africa,88.86,0.06,3,225.18,508.78,733.96,72.95,43217873.02,MM
606,D9,D9.1.10A.11,1,Dorsal,Unheated,South Africa,59.58,-0.24,4.91,204.4,357.03,561.43,45.07,28620705.61,MM
607,D9,D9.1.10A.11,2,Dorsal,Unheated,South Africa,101.67,0.01,2.73,302.07,569.08,871.15,86.06,37835469.91,MM
608,D9,D9.1.10A.11,3,Dorsal,Unheated,South Africa,72.77,0.86,3.81,319.54,186.38,505.92,56.69,47565211.78,MM
609,D9,D9.1.10A.11,4,Dorsal,Unheated,South Africa,105,1.24,5.04,599.77,363.48,963.25,77.68,45027165.08,MM
610,D9,D9.1.10A.11,5,Dorsal,Unheated,South Africa,95.48,-0.3,3.14,264.67,366.01,630.68,74.48,47390523.43,MM
611,D9,D9.1.10A.11,6,Ventral,Unheated,South Africa,80.95,0.27,2.9,234.35,217.46,451.81,63.44,47367067.91,MM
612,D9,D9.1.10A.11,7,Ventral,Unheated,South Africa,91.45,0.75,5.06,373,309.99,682.99,66.79,47359883.89,MM
613,D9,D9.1.10A.11,8,Ventral,Unheated,South Africa,69.67,-0.91,5.1,209.03,535.18,744.21,50.98,45225677.36,MM
614,D9,D9.1.10A.11,9,Ventral,Unheated,South Africa,54.65,0.22,2.79,186.99,307.86,494.85,43.78,48015869.88,MM
615,D9,D9.1.10A.11,10,Ventral,Unheated,South Africa,100.63,0.35,4.03,404.72,482.71,887.43,77.21,46554411.58,MM
616,D9,D9.1.10A.1,1,Dorsal,Unheated,South Africa,96.42,0.15,2.92,356.59,295.45,652.04,76.45,61746235.09,MM
617,D9,D9.1.10A.1,2,Dorsal,Unheated,South Africa,89.35,-0.79,3.78,374.04,392.75,766.79,67.78,76843243.53,MM
618,D9,D9.1.10A.1,3,Dorsal,Unheated,South Africa,99.23,0.01,3.41,493.02,334.33,827.35,76.38,70660310.52,MM
619,D9,D9.1.10A.1,4,Dorsal,Unheated,South Africa,89.93,0.12,2.62,261.57,336.3,597.87,74.41,46630617.8,MM
620,D9,D9.1.10A.1,5,Dorsal,Unheated,South Africa,190.79,-0.97,3.63,493.92,798.01,1291.93,146.79,59468461.1,MM
621,D9,D9.1.10A.1,6,Ventral,Unheated,South Africa,90.23,0.55,3.61,361.84,304.71,666.55,69.14,44246902.25,MM
622,D9,D9.1.10A.1,7,Ventral,Unheated,South Africa,98.81,-0.75,3.66,222.29,416.69,638.98,77.37,39762043.37,MM
623,D9,D9.1.10A.1,8,Ventral,Unheated,South Africa,69.88,-0.35,2.33,173.14,229.92,403.06,58.16,44671221.18,MM
624,D9,D9.1.10A.1,9,Ventral,Unheated,South Africa,106.84,0.22,3.07,307.18,410.54,717.72,85,60684055.92,MM
625,D9,D9.1.10A.1,10,Ventral,Unheated,South Africa,107.58,-0.18,2.74,301.45,332.39,633.84,85.29,64385929.99,MM
626,D9,D9.1.10A.23,1,Dorsal,Unheated,South Africa,88.7,0.29,2.61,272.03,246.01,518.04,72.56,54570153.81,MM
627,D9,D9.1.10A.23,2,Dorsal,Unheated,South Africa,87.91,-0.16,3.16,274.91,419.85,694.76,68.08,50310873.65,MM
628,D9,D9.1.10A.23,3,Dorsal,Unheated,South Africa,123.41,0.31,2.73,357.07,324.31,681.38,97.76,47143374.89,MM
629,D9,D9.1.10A.23,4,Dorsal,Unheated,South Africa,117.66,0.04,3.28,386.53,398.69,785.22,87.24,44235417.57,MM
630,D9,D9.1.10A.23,5,Dorsal,Unheated,South Africa,71.98,0.51,3.18,251.24,205,456.24,57.02,39790478.69,MM
631,D9,D9.1.10A.23,6,Ventral,Unheated,South Africa,46.48,-0.46,3.33,148.19,221.03,369.22,36.29,48132961.08,MM
632,D9,D9.1.10A.23,7,Ventral,Unheated,South Africa,86.62,-0.24,2.32,214.75,272.8,487.55,73.22,28897967.88,MM
633,I14,I14.2.16b.23,1,Dorsal,Heated,South Africa,65.61,0.41,2.49,192.53,178.73,371.26,53.57,47882334.86,MM
634,I14,I14.2.16b.23,2,Dorsal,Heated,South Africa,65.55,0.43,2.79,199.65,215.78,415.43,52.2,42976281.15,MM
635,I14,I14.2.16b.23,3,Dorsal,Heated,South Africa,39.78,-0.34,4.1,182.46,219.55,402.01,30.6,47554384.18,MM
636,I14,I14.2.16b.23,4,Dorsal,Heated,South Africa,93,0.04,2.06,245.92,326.57,572.49,79.2,47165806.54,MM
637,I14,I14.2.16b.23,5,Dorsal,Heated,South Africa,79.13,0.27,3.07,274.14,239.14,513.28,62.99,46184227.25,MM
638,I14,I14.2.16b.23,6,Ventral,Heated,South Africa,55.11,-0.83,5.36,172.08,293.57,465.65,41.82,50065396.7,MM
639,I14,I14.2.16b.23,7,Ventral,Heated,South Africa,70.33,0.92,4.45,357.69,195.09,552.78,53.25,60061104.91,MM
640,I14,I14.2.16b.23,8,Ventral,Heated,South Africa,88.52,0.6,3.08,275.49,221.38,496.87,70.47,58664596.44,MM
641,I14,I14.2.16b.23,9,Ventral,Heated,South Africa,73.85,-0.29,2.22,163.16,245.36,408.52,63.02,37993015.59,MM
642,I14,I14.2.16b.23,10,Ventral,Heated,South Africa,73.85,-0.31,2.35,193.29,264.95,458.24,61.71,43546555.38,MM
643,I14,I14.2.16b.18,1,Dorsal,Heated,South Africa,63.2,0.33,2.87,222.85,214.09,436.94,50.93,45136394.08,MM
644,I14,I14.2.16b.18,2,Dorsal,Heated,South Africa,50.2,0.55,4.06,208.06,206.75,414.81,37.71,47954443.25,MM
645,I14,I14.2.16b.18,3,Dorsal,Heated,South Africa,76.61,0.64,3.42,264.23,204.71,468.94,59.44,45903517.74,MM
646,I14,I14.2.16b.18,4,Dorsal,Heated,South Africa,55,0.35,3.53,179.27,202.07,381.34,42.48,47604053,MM
647,I14,I14.2.16b.18,5,Dorsal,Heated,South Africa,55.86,-0.3,3.04,169.25,216.77,386.02,43.64,45751849.87,MM
648,I14,I14.2.16b.18,6,Ventral,Heated,South Africa,52.01,0,3.91,215.79,221.67,437.46,40.69,46216989.24,MM
649,I14,I14.2.16b.18,7,Ventral,Heated,South Africa,99.34,0.05,2.17,241.44,270.27,511.71,84.01,46261709.45,MM
650,I14,I14.2.16b.18,8,Ventral,Heated,South Africa,65.5,-0.38,2.19,146.59,235.73,382.32,55.32,44782625.24,MM
651,I14,I14.2.16b.18,9,Ventral,Heated,South Africa,75.6,-0.12,2.42,209.21,220.23,429.44,62.48,44346541.73,MM
652,I14,I14.2.16b.18,10,Ventral,Heated,South Africa,68.98,-0.17,2.64,187.8,242.88,430.68,56.38,38920222.97,MM
653,I14,I14.2.16b.38,1,Dorsal,Heated,South Africa,63.52,0.43,3.36,213.86,236.76,450.62,49.33,46199789.15,MM
654,I14,I14.2.16b.38,2,Dorsal,Heated,South Africa,81.31,-0.4,3.21,247.86,341.27,589.13,64.94,44405943.45,MM
655,I14,I14.2.16b.38,3,Dorsal,Heated,South Africa,88.41,0.35,2.64,262.42,208.66,471.08,71.47,45161272.77,MM
656,I14,I14.2.16b.38,4,Dorsal,Heated,South Africa,57.72,0.26,2.85,186.82,163.56,350.38,45.45,47805416.82,MM
657,I14,I14.2.16b.38,5,Dorsal,Heated,South Africa,80.81,0.36,2.72,239.48,214.59,454.07,65.4,47607493.02,MM
658,I14,I14.2.16b.38,6,Ventral,Heated,South Africa,74.15,-0.58,2.84,181.52,318.6,500.12,60.86,47286256.91,MM
659,I14,I14.2.16b.38,7,Ventral,Heated,South Africa,113.11,0.06,1.95,274.03,304.08,578.11,98.51,46989962.33,MM
660,I14,I14.2.16b.38,8,Ventral,Heated,South Africa,79.23,0.08,3.03,265.56,284.72,550.28,63.44,47222870.51,MM
661,I14,I14.2.16b.38,9,Ventral,Heated,South Africa,81.19,0.06,2.9,271.72,260.38,532.1,64.71,40997736.06,MM
662,I14,I14.2.16b.38,10,Ventral,Heated,South Africa,70.51,-0.19,2.9,208.06,261.56,469.62,54.32,42737975.36,MM
663,I14,I14.2.16b.34c,1,Dorsal,Heated,South Africa,68.7,-0.42,2.68,166.05,290.1,456.15,55.5,35318633.7,MM
664,I14,I14.2.16b.34c,2,Dorsal,Heated,South Africa,62.79,-0.16,2.18,163.6,192.72,356.32,53.03,31056143.76,MM
665,I14,I14.2.16b.34c,3,Dorsal,Heated,South Africa,141.98,-2.49,15.12,284.95,1159.75,1444.7,92.08,51228375.26,MM
666,I14,I14.2.16b.34c,4,Dorsal,Heated,South Africa,70.18,0.14,3.9,292.26,263.75,556.01,55.17,27824419.92,MM
667,I14,I14.2.16b.34c,5,Ventral,Heated,South Africa,61.84,-0.35,2.82,191.89,231.59,423.48,50.85,47848258.45,MM
668,I14,I14.2.16b.34c,6,Ventral,Heated,South Africa,76.36,-0.65,2.72,139.97,255.34,395.31,62.9,31588970.36,MM
669,I14,I14.2.16b.34c,7,Ventral,Heated,South Africa,86.83,0.41,2.45,235.46,234.78,470.24,71.05,30392981.94,MM
670,I14,I14.2.16b.34c,8,Ventral,Heated,South Africa,58.61,-0.06,3.16,164.29,242.31,406.6,46.52,47146585.71,MM
671,I14,I14.2.16b.34c,9,Ventral,Heated,South Africa,84.82,0.34,2.46,220.63,270.27,490.9,70.15,47566827.73,MM
672,I14,I14.2.16b.34b,1,Dorsal,Heated,South Africa,74.55,0.68,2.85,275.86,199.07,474.93,61.1,41513445.43,MM
673,I14,I14.2.16b.34b,2,Dorsal,Heated,South Africa,61.17,0.2,2.67,185.25,238.86,424.11,49.88,45810889.44,MM
674,I14,I14.2.16b.34b,3,Dorsal,Heated,South Africa,89.98,-0.38,2.23,189.29,248.4,437.69,74.76,37553248.51,MM
675,I14,I14.2.16b.34b,4,Dorsal,Heated,South Africa,79.14,-0.19,2.61,199.63,259.1,458.73,64.61,41882378.51,MM
676,I14,I14.2.16b.34b,5,Dorsal,Heated,South Africa,82.66,0.67,3.33,274.52,263.42,537.94,64.7,50385217.47,MM
677,I14,I14.2.16b.34b,6,Ventral,Heated,South Africa,42.05,0.3,2.56,117.98,137.31,255.29,34.41,35232003.62,MM
678,I14,I14.2.16b.34b,7,Ventral,Heated,South Africa,67.2,0.29,2.14,198.52,200.57,399.09,56.63,37559941.87,MM
679,I14,I14.2.16b.34b,8,Ventral,Heated,South Africa,56.96,-0.16,2.64,157.55,168.89,326.44,45.93,39516552.16,MM
680,I14,I14.2.16b.34b,9,Ventral,Heated,South Africa,80.1,-0.23,2.66,202.45,296.64,499.09,64.9,39842500.36,MM
681,I14,I14.2.16b.34b,10,Ventral,Heated,South Africa,85.4,-0.07,2.17,183,275.41,458.41,70.94,33845618.45,MM
682,I14,I14.2.16B.45,1,Dorsal,Heated,South Africa,115.4,0.69,3.63,456.39,298.3,754.69,87.39,46798692.02,JM
683,I14,I14.2.16B.45,2,Dorsal,Heated,South Africa,90.94,0.68,3.14,293.54,244.63,538.17,72.59,46697203.6,JM
684,I14,I14.2.16B.45,3,Dorsal,Heated,South Africa,79.15,0.85,3.53,363.08,196.54,559.62,62.42,46212184.81,JM
685,I14,I14.2.16B.45,4,Dorsal,Heated,South Africa,84.16,0.02,2.49,220.6,247.32,467.92,68.6,47020590.42,JM
686,I14,I14.2.16B.45,5,Ventral,Heated,South Africa,74.18,-0.69,3.52,170.71,436.7,607.41,58.99,46327802.97,JM
687,I14,I14.2.16B.45,6,Ventral,Heated,South Africa,105.98,-0.97,3.72,322.89,414.24,737.13,82.6,46490172.15,JM
688,I14,I14.2.16B.45,7,Ventral,Heated,South Africa,114.07,0,2.85,293.59,489.51,783.1,90.75,44037187.32,JM
689,I14,I14.2.16B.45,8,Ventral,Heated,South Africa,93.78,-0.18,3.08,419.36,294.7,714.06,74.37,46298499.11,JM
690,I14,I14.2.16B.9,1,Dorsal,Heated,South Africa,65.27,0.29,3.05,207.73,319.49,527.22,51.06,46760039.01,JM
691,I14,I14.2.16B.9,2,Dorsal,Heated,South Africa,53.85,0.18,3.01,170.41,209.12,379.53,42.53,47249141.1,JM
692,I14,I14.2.16B.9,3,Dorsal,Heated,South Africa,64.58,0.21,2.49,200.37,184.8,385.17,53.12,47252027.56,JM
693,I14,I14.2.16B.9,4,Dorsal,Heated,South Africa,86.58,0.5,2.53,295.24,180.58,475.82,72.05,42326491.93,JM
694,I14,I14.2.16B.9,5,Ventral,Heated,South Africa,48.05,-0.5,3.47,137.03,439.23,576.26,39.19,46222358.35,JM
695,I14,I14.2.16B.9,6,Ventral,Heated,South Africa,44.35,-0.26,2.75,108.29,181.4,289.69,36.32,46577086.33,JM
696,I14,I14.2.16B.9,7,Ventral,Heated,South Africa,56.34,-0.26,3.44,155.51,523.91,679.42,45.07,46315400.75,JM
697,I14,I14.2.16B.9,8,Ventral,Heated,South Africa,65.31,-0.2,3.48,190.87,232.61,423.48,48.79,46468628.99,JM
698,I14,I14.2.16B.5,1,Dorsal,Heated,South Africa,55.42,-0.45,3.1,141.73,208.82,350.55,44.31,46875866.05,JM
699,I14,I14.2.16B.5,2,Dorsal,Heated,South Africa,79.14,0.56,3.18,259.39,400.66,660.05,61.66,46012874.77,JM
700,I14,I14.2.16B.5,3,Dorsal,Heated,South Africa,70.03,0.71,3.26,246.16,181.47,427.63,56.47,46791790.11,JM
701,I14,I14.2.16B.5,4,Dorsal,Heated,South Africa,51.07,0.26,2.49,140.57,162.73,303.3,42.2,44023425.61,JM
702,I14,I14.2.16B.5,5,Dorsal,Heated,South Africa,68.24,-0.18,3.75,209.03,283.32,492.35,53.1,46443633.44,JM
703,I14,I14.2.16B.5,6,Ventral,Heated,South Africa,71.1,-0.23,4.17,229.84,292.45,522.29,53.31,46716557.81,JM
704,I14,I14.2.16B.5,7,Ventral,Heated,South Africa,50.3,-0.41,3.06,137.36,236.35,373.71,40.53,46406416.48,JM
705,I14,I14.2.16B.5,8,Ventral,Heated,South Africa,71.48,-0.15,2.98,256.1,241.5,497.6,57.58,43632586.12,JM
706,I14,I14.2.16B.5,9,Ventral,Heated,South Africa,83.73,-1.28,4.26,146.12,372.8,518.92,65.65,46532315.44,
707,I14,I14.2.16B.5,10,Ventral,Heated,South Africa,88.13,-0.57,3.73,215.64,366.38,582.02,69.34,45785826.75,
708,I14,I14.2.16b.34a,1,Dorsal,Heated,South Africa,101.62,-0.44,2.89,253.17,300.51,553.68,79.96,45898046.73,MM
709,I14,I14.2.16b.34a,2,Dorsal,Heated,South Africa,58.3,0.73,3.46,217.74,149.8,367.54,45.02,28452699.78,MM
710,I14,I14.2.16b.34a,3,Dorsal,Heated,South Africa,64.12,0.8,2.97,206.97,191.3,398.27,51.72,32954683.19,MM
711,I14,I14.2.16b.34a,4,Dorsal,Heated,South Africa,48.56,1.2,5.03,228.12,153.66,381.78,36.51,46202678.83,MM
712,I14,I14.2.16b.34a,5,Dorsal,Heated,South Africa,29.59,-0.27,5.25,137.26,165.98,303.24,21.83,47673695.66,MM
713,I14,I14.2.16b.34a,6,Ventral,Heated,South Africa,92.07,0.17,2.82,252.38,257.58,509.96,73.18,41531243.81,MM
714,I14,I14.2.16b.34a,7,Ventral,Heated,South Africa,59.17,0.78,4.82,266.93,220.86,487.79,43.79,47920226.56,MM
715,I14,I14.2.16b.34a,8,Ventral,Heated,South Africa,79.26,-0.6,2.92,197.08,276.44,473.52,64.15,46940736.08,MM
716,I14,I14.2.16b.34a,9,Ventral,Heated,South Africa,72.69,-0.2,2.89,218.55,299.24,517.79,58.79,45009577.37,MM
717,I14,I14.2.16b.34a,10,Ventral,Heated,South Africa,50.12,0.64,3.81,184.89,166.99,351.88,38.34,43606058.66,MM
718,I14,I14.2.16B.43,1,Dorsal,Heated,South Africa,89.33,0.83,3.87,355.07,210.91,565.98,69.09,56668879.75,MM
719,I14,I14.2.16B.43,2,Dorsal,Heated,South Africa,112.98,1.52,6.5,580.16,282,862.16,78.97,56798594.06,MM
720,I14,I14.2.16B.43,3,Dorsal,Heated,South Africa,100.47,0.86,3.32,335.21,270.19,605.4,79.71,43039295.55,MM
721,I14,I14.2.16B.43,4,Dorsal,Heated,South Africa,88.02,-0.13,2.84,257.51,403.53,661.04,70.73,37532026.2,MM
722,I14,I14.2.16B.43,5,Dorsal,Heated,South Africa,73.08,-0.57,2.89,171.52,297.56,469.08,57.87,46033779.98,MM
723,I14,I14.2.16B.43,6,Ventral,Heated,South Africa,88.4,-0.11,3.18,306.21,294.82,601.03,69.17,47150661.99,MM
724,I14,I14.2.16B.43,7,Ventral,Heated,South Africa,69.93,-0.25,2.41,154.58,323.26,477.84,58.5,44765257.51,MM
725,I14,I14.2.16B.43,8,Ventral,Heated,South Africa,67.68,0.01,2.38,208.83,252.02,460.85,56.7,47436930.18,MM
726,I14,I14.2.16B.43,9,Ventral,Heated,South Africa,56.44,-0.29,2.47,155.41,224.07,379.48,47.17,24533202.42,MM
727,I14,I14.2.16B.43,10,Ventral,Heated,South Africa,77.06,0.01,2.56,270.05,215.53,485.58,63.05,47638871.79,MM
728,I14,I14.2.16B.8,1,Ventral,Heated,South Africa,54.98,0.05,3.56,220.53,209.09,429.62,41.92,42797836.42,MM
729,I14,I14.2.16B.8,2,Ventral,Heated,South Africa,59.98,-0.23,2.8,170.07,220.07,390.14,48.07,44671858.47,MM
730,I14,I14.2.16B.8,3,Ventral,Heated,South Africa,55.22,-0.97,3.95,161.5,221.24,382.74,42.27,44628623.61,MM
731,I14,I14.2.16B.8,4,Ventral,Heated,South Africa,70.82,0.18,2.81,234.43,293.14,527.57,57.73,47993572.52,MM
732,I14,I14.2.16B.8,5,Ventral,Heated,South Africa,50.87,0.48,4.02,236.04,178.24,414.28,38.75,45786936.9,MM
733,I14,I14.2.16B.8,6,Dorsal,Heated,South Africa,43.47,-0.65,4.38,146.19,210.81,357,32.55,48335398.07,MM
734,I14,I14.2.16B.8,7,Dorsal,Heated,South Africa,49.13,-0.29,2.98,162.85,248.01,410.86,39.42,43363635.7,MM
735,I14,I14.2.16B.8,8,Dorsal,Heated,South Africa,70.29,0.79,4.27,259.07,269.79,528.86,51.04,40817815.29,MM
736,I14,I14.2.16B.8,9,Dorsal,Heated,South Africa,61.29,-0.34,3.2,196.72,233.19,429.91,48.14,48030174.75,MM
737,I14,I14.2.16B.8,10,Dorsal,Heated,South Africa,61.63,0.54,3.7,235.55,194.61,430.16,47.95,48315008.91,MM
738,I14,I14.2.16B.50,1,Dorsal,Heated,South Africa,94.27,0.49,2.35,319.33,222.45,541.78,79.78,47477763.54,MM
739,I14,I14.2.16B.50,2,Dorsal,Heated,South Africa,64.19,-0.63,4.25,221.78,296.98,518.76,47.71,46394678.9,MM
740,I14,I14.2.16B.50,3,Dorsal,Heated,South Africa,75.58,-1.11,5.82,204.62,383.19,587.81,52.74,48169501.85,MM
741,I14,I14.2.16B.50,4,Dorsal,Heated,South Africa,101.82,-0.19,3.01,309.85,319.12,628.97,79.58,37774759.52,MM
742,I14,I14.2.16B.50,5,Dorsal,Heated,South Africa,84.21,0.12,2.35,275.33,255.71,531.04,70.56,41832304.86,MM
743,I14,I14.2.16B.50,6,Ventral,Heated,South Africa,93.9,0.04,3.48,281.99,291.27,573.26,71.6,39708339.43,MM
744,I14,I14.2.16B.50,7,Ventral,Heated,South Africa,45.88,0.43,3.42,158.99,177.95,336.94,35.77,48350245.26,MM
745,I14,I14.2.16B.50,8,Ventral,Heated,South Africa,55.71,-0.5,3.38,161.49,250.38,411.87,44.05,48145795.78,MM
746,I14,I14.2.16B.50,9,Ventral,Heated,South Africa,60.03,-0.53,2.76,162.7,201.93,364.63,48.76,48665855.32,MM
747,I14,I14.2.16B.50,10,Ventral,Heated,South Africa,84.86,-0.09,3.73,373.25,325.95,699.2,65.46,47585448.2,MM
748,I14,I14.2.16B.52,1,Dorsal,Heated,South Africa,92.6,0.23,3.94,388.6,498.45,887.05,70.13,46496750.1,JM
749,I14,I14.2.16B.52,2,Dorsal,Heated,South Africa,84.26,0.92,4.87,420.76,292.16,712.92,63.4,47457828.49,JM
750,I14,I14.2.16B.52,3,Dorsal,Heated,South Africa,94.4,1.39,4.66,441.51,226.78,668.29,73.49,44882649.38,JM
751,I14,I14.2.16B.52,4,Dorsal,Heated,South Africa,85.59,1.77,7.24,437.15,290.36,727.51,60.69,45685155.05,JM
752,I14,I14.2.16B.52,5,Dorsal,Heated,South Africa,86.44,0.14,2.37,223.28,246.8,470.08,70.63,43182199.61,JM
753,I14,I14.2.16B.52,6,Ventral,Heated,South Africa,103.15,-0.5,3.93,355,365.7,720.7,78.34,45034650.72,JM
754,I14,I14.2.16B.52,7,Ventral,Heated,South Africa,110.76,-1.56,5.52,159.15,519.95,679.1,83.89,46045720.66,JM
755,I14,I14.2.16B.52,8,Ventral,Heated,South Africa,116.66,-0.5,3.58,376.59,489.67,866.26,92.04,41482425.41,JM
756,I14,I14.2.16B.52,9,Ventral,Heated,South Africa,70.39,-0.1,3,222.83,228.41,451.24,55.94,45944263.61,JM
757,I14,I14.2.16B.52,10,Ventral,Heated,South Africa,105.52,0.06,3.49,328.5,626.27,954.77,79.52,45915644.36,JM
758,I14,I14.2.16A.30,1,Dorsal,Unheated,South Africa,116.86,0.4,2.54,357.07,292.04,649.11,95.51,40982211.03,MM
759,I14,I14.2.16A.30,2,Dorsal,Unheated,South Africa,91.79,0.32,2.33,276.91,221.52,498.43,77.22,54698764.82,MM
760,I14,I14.2.16A.30,3,Dorsal,Unheated,South Africa,85.11,0.34,3,343.11,274.84,617.95,69.58,53395219.84,MM
761,I14,I14.2.16A.30,4,Dorsal,Unheated,South Africa,104.66,0.17,2.82,329.76,298.18,627.94,82.97,45061709.15,MM
762,I14,I14.2.16A.30,5,Dorsal,Unheated,South Africa,124.51,0.02,2.23,338.67,343.82,682.49,105.01,42369726.9,MM
763,I14,I14.2.16A.30,6,Ventral,Unheated,South Africa,56.73,0.18,3.26,200.04,216.11,416.15,44.72,45569527.18,MM
764,I14,I14.2.16A.30,7,Ventral,Unheated,South Africa,111.09,0.19,2.34,329.84,273.28,603.12,92.18,35525762.52,MM
765,I14,I14.2.16A.30,8,Ventral,Unheated,South Africa,63.96,-0.03,2.87,237.31,299.31,536.62,51.05,44405851.75,MM
766,I14,I14.2.16A.30,9,Ventral,Unheated,South Africa,73.85,0.29,2.91,242.77,206.73,449.5,59.61,28145232.22,MM
767,I14,I14.2.16A.30,10,Ventral,Unheated,South Africa,78.4,-0.38,2.68,243.24,267.91,511.15,63.86,41037495.44,MM
768,I14,I14.2.16A.2,1,Dorsal,Unheated,South Africa,83.86,0.1,2.75,285.79,254.23,540.02,68.02,41930338.68,MM
769,I14,I14.2.16A.2,2,Dorsal,Unheated,South Africa,61.52,0.13,2.51,195.58,244.35,439.93,51.28,25676107.57,MM
770,I14,I14.2.16A.2,3,Dorsal,Unheated,South Africa,96.64,-0.3,3.04,308.9,356.73,665.63,77.53,44229678.76,MM
771,I14,I14.2.16A.2,4,Dorsal,Unheated,South Africa,78.39,0.12,3.09,261.79,284.32,546.11,61.9,39855207.6,MM
772,I14,I14.2.16A.2,5,Dorsal,Unheated,South Africa,83,0.31,2.47,232.47,220.77,453.24,69.47,33041772.51,MM
773,I14,I14.2.16A.2,6,Ventral,Unheated,South Africa,97.65,0.63,2.7,345.74,255.17,600.91,80.16,35200600.17,MM
774,I14,I14.2.16A.2,7,Ventral,Unheated,South Africa,83.47,-0.45,2.9,215.82,313.21,529.03,67.07,44263040.71,MM
775,I14,I14.2.16A.2,8,Ventral,Unheated,South Africa,99.16,-0.23,2.64,248.72,296.17,544.89,79.78,45564175.96,MM
776,I14,I14.2.16A.2,9,Ventral,Unheated,South Africa,78.74,-0.15,2.36,191.63,219.82,411.45,64.53,47586594.73,MM
777,I14,I14.2.16A.2,10,Ventral,Unheated,South Africa,93.11,0.07,2.79,244.99,305.09,550.08,74.69,39465476.76,MM
778,I14,I14.2.16A.25,1,Ventral,Unheated,South Africa,88.01,-0.07,2.47,237.03,324.07,561.1,73.03,47372144.15,MM
779,I14,I14.2.16A.25,2,Ventral,Unheated,South Africa,82.04,-0.23,2.41,191.07,332.46,523.53,69.07,45096953.75,MM
780,I14,I14.2.16A.25,3,Ventral,Unheated,South Africa,66.72,-0.74,3.62,217.37,251.35,468.72,51.52,44800579.62,MM
781,I14,I14.2.16A.25,4,Ventral,Unheated,South Africa,73.59,-0.2,2.27,193.42,237.37,430.79,61.87,40793203.39,MM
782,I14,I14.2.16A.25,5,Ventral,Unheated,South Africa,88.95,0.48,2.96,285.07,309.43,594.5,72.22,48282944.97,MM
783,I14,I14.2.16A.9,1,Dorsal,Unheated,South Africa,62.37,-0.2,2.89,180.36,198.73,379.09,49.43,28538384.79,MM
784,I14,I14.2.16A.9,2,Dorsal,Unheated,South Africa,50.92,-0.25,3.26,168.91,234,402.91,40.03,47966734.78,MM
785,I14,I14.2.16A.9,3,Dorsal,Unheated,South Africa,82.39,0.03,2.5,202.76,427.3,630.06,68.16,47884811.22,MM
786,I14,I14.2.16A.9,4,Dorsal,Unheated,South Africa,72.42,0.38,2.92,256.86,191.6,448.46,57.93,41254345.82,MM
787,I14,I14.2.16A.9,5,Dorsal,Unheated,South Africa,88.96,0.33,2.33,261.69,269.33,531.02,74.58,48679911.9,MM
788,I14,I14.2.16A.9,6,Ventral,Unheated,South Africa,93.94,0,2.19,244.24,263.3,507.54,79.2,40333903.32,MM
789,I14,I14.2.16A.9,7,Ventral,Unheated,South Africa,128.51,0.61,3.1,393.31,291.57,684.88,101.81,37477939.99,MM
790,I14,I14.2.16A.9,8,Ventral,Unheated,South Africa,81.78,-0.16,2.16,219.72,276.45,496.17,69.46,44187749.64,MM
791,I14,I14.2.16A.9,9,Ventral,Unheated,South Africa,61.09,-0.07,2.74,173.85,214.87,388.72,48.94,49131044.18,MM
792,I14,I14.2.16A.9,10,Ventral,Unheated,South Africa,85.98,0,2.53,215.3,272.56,487.86,69.93,41074347.36,MM
793,I14,I14.2.16A.14,1,Dorsal,Unheated,South Africa,131.09,0.98,3.41,410.06,281.92,691.98,103.12,47378026,MM
794,I14,I14.2.16A.14,2,Dorsal,Unheated,South Africa,63.09,0.78,4.15,271.62,225.85,497.47,47.51,40123846.34,MM
795,I14,I14.2.16A.14,3,Dorsal,Unheated,South Africa,91.44,-0.1,2.6,283.47,387.39,670.86,73.53,60613042.32,MM
796,I14,I14.2.16A.14,4,Dorsal,Unheated,South Africa,99.06,0.47,3.05,403.71,282.98,686.69,78.77,48718619.77,MM
797,I14,I14.2.16A.14,5,Dorsal,Unheated,South Africa,110.56,-0.25,3.51,375.68,343.34,719.02,84.58,49916482.19,MM
798,I14,I14.2.16A.14,6,Ventral,Unheated,South Africa,107.66,-0.45,3.08,273.55,361.97,635.52,85.06,36655671.05,MM
799,I14,I14.2.16A.14,7,Ventral,Unheated,South Africa,85.03,-0.34,3.07,224.94,411.19,636.13,68.04,47054485.23,MM
800,I14,I14.2.16A.14,8,Ventral,Unheated,South Africa,98.81,0.45,2.96,310.49,267.83,578.32,79.02,52251773.45,MM
801,I14,I14.2.16A.14,9,Ventral,Unheated,South Africa,77.22,-0.19,2.89,236.27,287.31,523.58,61.5,38673685.99,MM
802,I14,I14.2.16A.14,10,Ventral,Unheated,South Africa,90.64,0.19,2.63,277.43,287.74,565.17,72.95,38399093.96,MM
803,I14,I14.2.16A.38,1,Dorsal,Unheated,South Africa,109.38,-0.11,2.71,304.45,317.92,622.37,87.66,42682262.82,MM
804,I14,I14.2.16A.38,2,Dorsal,Unheated,South Africa,89.33,0.48,2.81,283.93,258.48,542.41,71.21,35287562.8,MM
805,I14,I14.2.16A.38,3,Dorsal,Unheated,South Africa,116.85,0.76,3.35,405.54,304.17,709.71,93.06,45591673.13,MM
806,I14,I14.2.16A.38,4,Dorsal,Unheated,South Africa,128.34,-1.01,4.87,401.5,520.38,921.88,92.18,25593929.93,MM
807,I14,I14.2.16A.38,5,Dorsal,Unheated,South Africa,109.39,-0.43,2.81,291.86,302.03,593.89,87.31,34922443.23,MM
808,I14,I14.2.16A.38,6,Ventral,Unheated,South Africa,97.54,0.16,2.53,258.61,332.17,590.78,79.94,42511894.16,MM
809,I14,I14.2.16A.38,7,Ventral,Unheated,South Africa,95.51,0.79,3.34,330.59,218.2,548.79,74.69,40532694.28,MM
810,I14,I14.2.16A.38,8,Ventral,Unheated,South Africa,97.29,-0.28,2.44,252.9,278.6,531.5,79.56,49643302.74,MM
811,I14,I14.2.16A.38,9,Ventral,Unheated,South Africa,72.66,0.34,2.89,250.33,192.48,442.81,57.64,45468410.72,MM
812,I14,I14.2.16A.38,10,Ventral,Unheated,South Africa,113.23,-0.3,2.48,279.16,341.7,620.86,92.4,46344083.53,MM
813,I14,I14.2.16A.18,1,Dorsal,Unheated,South Africa,147.92,-0.14,2.54,345.03,413.09,758.12,121.04,45984810.76,JM
814,I14,I14.2.16A.18,2,Dorsal,Unheated,South Africa,63.93,-0.11,2.82,203.27,199,402.27,51.24,45392888.21,JM
815,I14,I14.2.16A.18,3,Dorsal,Unheated,South Africa,134.37,0.2,2.46,403.53,341.14,744.67,109.95,43666370.66,JM
816,I14,I14.2.16A.18,4,Dorsal,Unheated,South Africa,94.6,0.91,4.96,466.67,286.87,753.54,72.56,45381650.34,JM
817,I14,I14.2.16A.18,5,Dorsal,Unheated,South Africa,115.24,-0.2,3.21,311,405.01,716.01,88.56,45650929.35,JM
818,I14,I14.2.16A.18,6,Ventral,Unheated,South Africa,126.79,-0.42,2.37,311.51,309.29,620.8,103.21,43132356.91,JM
819,I14,I14.2.16A.18,7,Ventral,Unheated,South Africa,107.75,-0.29,3.08,268.83,383.53,652.36,83.65,45986960.08,JM
820,I14,I14.2.16A.18,8,Ventral,Unheated,South Africa,114.16,-0.92,5.37,259.17,491.74,750.91,82.08,45962335.02,JM
821,I14,I14.2.16A.18,9,Ventral,Unheated,South Africa,62.25,-0.27,3.51,209.02,284.02,493.04,48.13,46327473.68,JM
822,I14,I14.2.16A.18,10,Ventral,Unheated,South Africa,139.91,0.16,3.38,433.81,412.43,846.24,106.68,46349212.51,JM
823,I14,I14.2.16A.21,1,Dorsal,Unheated,South Africa,148.58,-0.31,2.74,421,447.64,868.64,120,45887293.07,JM
824,I14,I14.2.16A.21,2,Dorsal,Unheated,South Africa,124.18,-0.11,2.49,286.54,366.47,653.01,102.29,45298011.11,JM
825,I14,I14.2.16A.21,3,Dorsal,Unheated,South Africa,120.03,-0.66,2.93,294.17,398.91,693.08,97.95,45814400.44,JM
826,I14,I14.2.16A.21,4,Dorsal,Unheated,South Africa,89.65,0.95,4.25,364.96,217.31,582.27,67.58,45972528.94,JM
827,I14,I14.2.16A.21,5,Ventral,Unheated,South Africa,126.85,-0.59,3.1,329.42,382.91,712.33,100.39,28885194.3,JM
828,I14,I14.2.16A.21,6,Ventral,Unheated,South Africa,121.46,-0.86,4,242.88,507.49,750.37,94.56,45452393.65,JM
829,I14,I14.2.16A.21,7,Ventral,Unheated,South Africa,123.95,-1.17,4.14,240.4,559.18,799.58,97.28,45894600.76,JM
830,I14,I14.2.16A.21,8,Ventral,Unheated,South Africa,111.65,-0.8,3.4,216.44,462.71,679.15,89.36,46629545.17,JM
831,I14,I14.2.16A.20,1,Dorsal,Unheated,South Africa,140.82,0.26,3.06,380.45,357.31,737.76,109.42,45665790.36,JM
832,I14,I14.2.16A.20,2,Dorsal,Unheated,South Africa,146.35,0.76,2.95,565.58,281.72,847.3,118.29,43648500.61,JM
833,I14,I14.2.16A.20,3,Dorsal,Unheated,South Africa,132.07,-0.18,2.06,296.61,309.83,606.44,112.35,42541908.18,JM
834,I14,I14.2.16A.20,4,Dorsal,Unheated,South Africa,148.05,0.01,2.79,496.34,405.61,901.95,119.2,44058283.7,JM
835,I14,I14.2.16A.20,5,Dorsal,Unheated,South Africa,102.23,0.65,4.92,503.82,313.77,817.59,76.98,46056782.26,JM
836,I14,I14.2.16A.20,6,Ventral,Unheated,South Africa,117.49,0.06,2.66,325.6,455.57,781.17,96.17,46012383.46,JM
837,I14,I14.2.16A.20,7,Ventral,Unheated,South Africa,137.19,-0.44,3.01,313.77,456.94,770.71,108.22,45723207.89,JM
838,I14,I14.2.16A.20,8,Ventral,Unheated,South Africa,139.07,-0.26,2.53,327.09,435.43,762.52,114.67,45772335.19,JM
839,I14,I14.2.16A.20,9,Ventral,Unheated,South Africa,128.1,-1.17,5.17,217.57,597.52,815.09,101.25,45641840.8,JM
840,I14,I14.2.16A.20,10,Ventral,Unheated,South Africa,224.82,0.32,2.47,585.24,520.23,1105.47,184.73,44512649.81,JM
841,I14,I14.2.16A.24,1,Dorsal,Unheated,South Africa,102.36,0.53,3.48,387.32,287.84,675.16,80.1,45604995.33,JM
842,I14,I14.2.16A.24,2,Dorsal,Unheated,South Africa,78.44,0.1,2.18,332.74,217.5,550.24,66.49,46241071.04,JM
843,I14,I14.2.16A.24,3,Dorsal,Unheated,South Africa,92.12,0.73,3.03,303,357.04,660.04,74.55,45826191,JM
844,I14,I14.2.16A.24,4,Dorsal,Unheated,South Africa,105.51,0.46,2.29,332.57,295.65,628.22,88.82,45703434.15,JM
845,I14,I14.2.16A.24,5,Ventral,Unheated,South Africa,116.43,-1.24,4.85,312.13,568.47,880.6,88.61,45194598.15,JM
846,I14,I14.2.16A.24,6,Ventral,Unheated,South Africa,87.19,0.3,2.31,255.05,219.12,474.17,72.68,46147483.54,JM
847,I14,I14.2.16A.24,7,Ventral,Unheated,South Africa,84.48,1.31,6.19,387.09,226.15,613.24,59.66,46032587.06,JM
848,I14,I14.2.16A.24,8,Ventral,Unheated,South Africa,77.45,-0.13,2.69,212.19,250.02,462.21,63,33219695.97,JM
849,I14,I14.2.16A.19,1,Dorsal,Unheated,South Africa,78.15,0.18,3.72,304.8,275.31,580.11,61.32,46747208.81,JM
850,I14,I14.2.16A.19,2,Dorsal,Unheated,South Africa,139.71,0.18,3.17,383.43,393.9,777.33,107.72,46036821.28,JM
851,I14,I14.2.16A.19,3,Dorsal,Unheated,South Africa,83.38,0.3,3.11,299.02,253.84,552.86,66.99,45866885.92,JM
852,I14,I14.2.16A.19,4,Dorsal,Unheated,South Africa,93.93,0.84,4.3,389.2,273.62,662.82,69.31,45936223.48,JM
853,I14,I14.2.16A.19,5,Dorsal,Unheated,South Africa,122.66,-0.19,2.51,328.01,391.87,719.88,100.45,46038233.82,JM
854,I14,I14.2.16A.19,6,Ventral,Unheated,South Africa,109.21,0.15,3.37,376.32,340.35,716.67,85.28,44993564.35,JM
855,I14,I14.2.16A.19,7,Ventral,Unheated,South Africa,69.31,-0.33,3.21,190.51,254.4,444.91,55.84,45602862.75,JM
856,I14,I14.2.16A.19,8,Ventral,Unheated,South Africa,99.75,-0.6,2.98,250.01,334.93,584.94,80.94,46658525.52,JM
857,I14,I14.2.16A.19,9,Ventral,Unheated,South Africa,92.67,-0.65,2.73,244.08,296.32,540.4,77.64,45907665.49,JM
858,I14,I14.2.16A.19,10,Ventral,Unheated,South Africa,126.27,-0.03,2.53,330.17,402.39,732.56,102.88,45686755.67,JM
859,D9,D9.1.10A.9,1,Dorsal,Unheated,South Africa,68.87,0.2,3.57,252.96,424.18,677.14,53.26,45022613.65,JM
860,D9,D9.1.10A.9,2,Dorsal,Unheated,South Africa,78.04,-0.27,2.77,303.11,249.85,552.96,62.09,45869281.11,JM
861,D9,D9.1.10A.9,3,Dorsal,Unheated,South Africa,90.22,-0.03,2.54,237.92,257.37,495.29,72.99,46099280.35,JM
862,D9,D9.1.10A.9,4,Dorsal,Unheated,South Africa,55.89,0.26,3.55,214.62,268.6,483.22,43.64,45448342.56,JM
863,D9,D9.1.10A.9,5,Dorsal,Unheated,South Africa,89,0.11,3.93,313.33,366.28,679.61,65.18,46183234.69,JM
864,D9,D9.1.10A.9,6,Ventral,Unheated,South Africa,99.49,-0.07,2.81,260.58,587.78,848.36,83.14,45593589.09,JM
865,D9,D9.1.10A.9,7,Ventral,Unheated,South Africa,60.93,0.11,4.37,337.36,220.53,557.89,47.74,46405065.73,JM
866,D9,D9.1.10A.9,8,Ventral,Unheated,South Africa,80.62,0.67,3.26,330.86,218.96,549.82,63.83,45591500.97,JM
867,D9,D9.1.10A.9,9,Ventral,Unheated,South Africa,121.86,-0.58,5.33,461.88,493.03,954.91,86.52,45945497.15,JM
868,D9,D9.1.10A.9,10,Ventral,Unheated,South Africa,110.37,-0.64,3.45,300.65,540.83,841.48,88.14,46586485.7,JM
869,D9,D9.1.10A.32,1,Dorsal,Unheated,South Africa,95.51,0.43,3,344.14,242.18,586.32,76.39,44022285.82,JM
870,D9,D9.1.10A.32,2,Dorsal,Unheated,South Africa,106.83,0.35,2.47,372.27,220.7,592.97,87.88,46030188.46,JM
871,D9,D9.1.10A.32,3,Dorsal,Unheated,South Africa,77.04,-0.4,3.77,239.33,502.45,741.78,58.99,45796565.72,JM
872,D9,D9.1.10A.32,4,Dorsal,Unheated,South Africa,131.81,0.63,3.76,447.32,375.26,822.58,99.34,45340067.89,JM
873,D9,D9.1.10A.32,5,Dorsal,Unheated,South Africa,112.21,0.24,4.1,391.55,368.45,760,83.97,45517802.95,JM
874,D9,D9.1.10A.32,6,Ventral,Unheated,South Africa,100,-0.42,2.86,261.89,339.84,601.73,80.06,45696520.66,JM
875,D9,D9.1.10A.32,7,Ventral,Unheated,South Africa,128.3,-0.18,3.37,310.37,480.69,791.06,97,46440072.3,JM
876,D9,D9.1.10A.32,8,Ventral,Unheated,South Africa,99.74,-0.48,3.73,355.61,439.8,795.41,76.53,47168331.59,JM
877,D9,D9.1.10A.32,9,Ventral,Unheated,South Africa,127.58,-0.69,4.26,312.94,581.06,894,100.98,45624050.93,JM
878,D9,D9.1.10A.32,10,Ventral,Unheated,South Africa,119.54,-0.01,2.82,350.77,321.02,671.79,96.24,45653775.8,JM
879,D9,D9.1.10A.21,1,Dorsal,Unheated,South Africa,69.93,-1.02,8.67,270.03,457.32,727.35,51.71,44801089.68,JM
880,D9,D9.1.10A.21,2,Dorsal,Unheated,South Africa,65.88,0.83,4.43,289.55,208.37,497.92,49.03,45202743.9,JM
881,D9,D9.1.10A.21,3,Dorsal,Unheated,South Africa,122.05,0.44,2.54,323.75,310.65,634.4,97.89,47031744.59,JM
882,D9,D9.1.10A.21,4,Ventral,Unheated,South Africa,105.56,0.32,2.57,297.43,289.07,586.5,85.13,43341500.33,JM
883,D9,D9.1.10A.21,5,Ventral,Unheated,South Africa,109.23,-0.02,2.37,313.61,309.9,623.51,91.22,42976326.62,JM
884,D9,D9.1.10A.21,6,Ventral,Unheated,South Africa,125.33,0.67,2.79,378.96,258.7,637.66,102.39,43437369.17,JM
885,D9,D9.1.10A.26,1,Dorsal,Unheated,South Africa,152.86,-0.44,3.32,499.32,591.93,1091.25,121.29,45442201.06,JM
886,D9,D9.1.10A.26,2,Dorsal,Unheated,South Africa,89.1,0.57,4.79,429.19,271.45,700.64,67,46452908.03,JM
887,D9,D9.1.10A.26,3,Dorsal,Unheated,South Africa,120.62,0.34,3.63,411.06,334.79,745.85,88.16,45905638.8,JM
888,D9,D9.1.10A.26,4,Ventral,Unheated,South Africa,89.57,-0.18,2.96,292.66,388.23,680.89,73.32,45467258.39,JM
889,D9,D9.1.10A.26,5,Ventral,Unheated,South Africa,98.71,-0.56,4.92,328.79,463.81,792.6,74.99,45373170.58,JM
890,D9,D9.1.10A.26,6,Ventral,Unheated,South Africa,115.48,-0.81,3.64,240.21,452.73,692.94,90.08,45886784.39,JM
891,D9,D9.1.10A.37,1,Dorsal,Unheated,South Africa,127.25,0.28,2.53,357.45,272.59,630.04,103.25,45838942.09,JM
892,D9,D9.1.10A.37,2,Dorsal,Unheated,South Africa,157.79,-0.41,2.99,368.84,538.91,907.75,124.3,46420542.32,JM
893,D9,D9.1.10A.37,3,Dorsal,Unheated,South Africa,140.3,0.23,2.89,409.03,428.9,837.93,113.95,44151564.43,JM
894,D9,D9.1.10A.37,4,Dorsal,Unheated,South Africa,154.47,0.09,2.82,415.19,439.7,854.89,123.83,45235600.94,JM
895,D9,D9.1.10A.37,5,Ventral,Unheated,South Africa,133.45,-0.71,2.66,219.26,530.95,750.21,112.58,45529656.05,JM
896,D9,D9.1.10A.37,6,Ventral,Unheated,South Africa,144.72,-0.41,2.44,300.13,440.72,740.85,119.34,46199693.91,JM
897,D9,D9.1.10A.37,7,Ventral,Unheated,South Africa,129.25,-0.84,3.75,225.43,583.29,808.72,103.17,46262951.38,JM
898,D9,D9.1.10A.37,8,Ventral,Unheated,South Africa,113.54,-0.49,3.38,299.54,477.56,777.1,87.06,45976757.39,JM
